kind,id,entity,field,role,required_reviews,status,evidence_level,source_id,doi,url,locator,license,extracted_evidence,proposed_value
claim,C-ETHANOL-IDENTITY,ethanol,identity,scientific,2,NEEDS_REVIEW,C,SRC-PUBCHEM-702,,https://pubchem.ncbi.nlm.nih.gov/compound/702,Computed Properties,openReuse,,"{""pubchem_cid"": 702, ""molecular_formula"": ""C2H6O"", ""molecular_weight"": ""46.07"", ""inchikey"": ""LFQSCWFLJHTTHZ-UHFFFAOYSA-N"", ""iupac_name"": ""ethanol""}"
claim,C-METHANOL-IDENTITY,methanol,identity,scientific,2,NEEDS_REVIEW,C,SRC-PUBCHEM-887,,https://pubchem.ncbi.nlm.nih.gov/compound/887,Computed Properties,openReuse,,"{""pubchem_cid"": 887, ""molecular_formula"": ""CH4O"", ""molecular_weight"": ""32.042"", ""inchikey"": ""OKKJLVBELUTLKV-UHFFFAOYSA-N"", ""iupac_name"": ""methanol""}"
claim,C-ETHYLENE-GLYCOL-IDENTITY,ethylene-glycol,identity,scientific,2,NEEDS_REVIEW,C,SRC-PUBCHEM-174,,https://pubchem.ncbi.nlm.nih.gov/compound/174,Computed Properties,openReuse,,"{""pubchem_cid"": 174, ""molecular_formula"": ""C2H6O2"", ""molecular_weight"": ""62.07"", ""inchikey"": ""LYCAIKOWRPUZTN-UHFFFAOYSA-N"", ""iupac_name"": ""ethane-1,2-diol""}"
claim,C-MORPHINE-IDENTITY,morphine,identity,scientific,2,NEEDS_REVIEW,C,SRC-PUBCHEM-5288826,,https://pubchem.ncbi.nlm.nih.gov/compound/5288826,Computed Properties,openReuse,,"{""pubchem_cid"": 5288826, ""molecular_formula"": ""C17H19NO3"", ""molecular_weight"": ""285.34"", ""inchikey"": ""BQJCRHHNABKAKU-KBQPJGBKSA-N"", ""iupac_name"": ""(4R,4aR,7S,7aR,12bS)-3-methyl-2,4,4a,7,7a,13-hexahydro-1H-4,12-methanobenzofuro[3,2-e]isoquinoline-7,9-diol""}"
claim,C-HEROIN-IDENTITY,heroin,identity,scientific,2,NEEDS_REVIEW,C,SRC-PUBCHEM-5462328,,https://pubchem.ncbi.nlm.nih.gov/compound/5462328,Computed Properties,openReuse,,"{""pubchem_cid"": 5462328, ""molecular_formula"": ""C21H23NO5"", ""molecular_weight"": ""369.4"", ""inchikey"": ""GVGLGOZIDCSQPN-PVHGPHFFSA-N"", ""iupac_name"": ""[(4R,4aR,7S,7aR,12bS)-9-acetyloxy-3-methyl-2,4,4a,7,7a,13-hexahydro-1H-4,12-methanobenzofuro[3,2-e]isoquinolin-7-yl] acetate""}"
claim,C-6-MAM-IDENTITY,6-mam,identity,scientific,2,NEEDS_REVIEW,C,SRC-PUBCHEM-5462507,,https://pubchem.ncbi.nlm.nih.gov/compound/5462507,Computed Properties,openReuse,,"{""pubchem_cid"": 5462507, ""molecular_formula"": ""C19H21NO4"", ""molecular_weight"": ""327.4"", ""inchikey"": ""JJGYGPZNTOPXGV-SSTWWWIQSA-N"", ""iupac_name"": ""[(4R,4aR,7S,7aR,12bS)-9-hydroxy-3-methyl-2,4,4a,7,7a,13-hexahydro-1H-4,12-methanobenzofuro[3,2-e]isoquinolin-7-yl] acetate""}"
claim,C-FENTANYL-IDENTITY,fentanyl,identity,scientific,2,NEEDS_REVIEW,C,SRC-PUBCHEM-3345,,https://pubchem.ncbi.nlm.nih.gov/compound/3345,Computed Properties,openReuse,,"{""pubchem_cid"": 3345, ""molecular_formula"": ""C22H28N2O"", ""molecular_weight"": ""336.5"", ""inchikey"": ""PJMPHNIQZUBGLI-UHFFFAOYSA-N"", ""iupac_name"": ""N-phenyl-N-[1-(2-phenylethyl)piperidin-4-yl]propanamide""}"
claim,C-TRAMADOL-IDENTITY,tramadol,identity,scientific,2,NEEDS_REVIEW,C,SRC-PUBCHEM-33741,,https://pubchem.ncbi.nlm.nih.gov/compound/33741,Computed Properties,openReuse,,"{""pubchem_cid"": 33741, ""molecular_formula"": ""C16H25NO2"", ""molecular_weight"": ""263.37"", ""inchikey"": ""TVYLLZQTGLZFBW-ZBFHGGJFSA-N"", ""iupac_name"": ""cis-(1R,2R)-2-[(dimethylamino)methyl]-1-(3-methoxyphenyl)cyclohexan-1-ol""}"
claim,C-METHAMPHETAMINE-IDENTITY,methamphetamine,identity,scientific,2,NEEDS_REVIEW,C,SRC-PUBCHEM-10836,,https://pubchem.ncbi.nlm.nih.gov/compound/10836,Computed Properties,openReuse,,"{""pubchem_cid"": 10836, ""molecular_formula"": ""C10H15N"", ""molecular_weight"": ""149.23"", ""inchikey"": ""MYWUZJCMWCOHBA-VIFPVBQESA-N"", ""iupac_name"": ""(2S)-N-methyl-1-phenylpropan-2-amine""}"
claim,C-COCAINE-IDENTITY,cocaine,identity,scientific,2,NEEDS_REVIEW,C,SRC-PUBCHEM-446220,,https://pubchem.ncbi.nlm.nih.gov/compound/446220,Computed Properties,openReuse,,"{""pubchem_cid"": 446220, ""molecular_formula"": ""C17H21NO4"", ""molecular_weight"": ""303.35"", ""inchikey"": ""ZPUCINDJVBIVPJ-LJISPDSOSA-N"", ""iupac_name"": ""methyl (1R,2R,3S,5S)-3-benzoyloxy-8-methyl-8-azabicyclo[3.2.1]octane-2-carboxylate""}"
claim,C-THC-IDENTITY,thc,identity,scientific,2,NEEDS_REVIEW,C,SRC-PUBCHEM-16078,,https://pubchem.ncbi.nlm.nih.gov/compound/16078,Computed Properties,openReuse,,"{""pubchem_cid"": 16078, ""molecular_formula"": ""C21H30O2"", ""molecular_weight"": ""314.5"", ""inchikey"": ""CYQFCXCEBYINGO-IAGOWNOFSA-N"", ""iupac_name"": ""(6aR,10aR)-6,6,9-trimethyl-3-pentyl-6a,7,8,10a-tetrahydrobenzo[c]chromen-1-ol""}"
claim,C-ALPRAZOLAM-IDENTITY,alprazolam,identity,scientific,2,NEEDS_REVIEW,C,SRC-PUBCHEM-2118,,https://pubchem.ncbi.nlm.nih.gov/compound/2118,Computed Properties,openReuse,,"{""pubchem_cid"": 2118, ""molecular_formula"": ""C17H13ClN4"", ""molecular_weight"": ""308.8"", ""inchikey"": ""VREFGVBLTWBCJP-UHFFFAOYSA-N"", ""iupac_name"": ""8-chloro-1-methyl-6-phenyl-4H-[1,2,4]triazolo[4,3-a][1,4]benzodiazepine""}"
claim,C-PHENAZEPAM-IDENTITY,phenazepam,identity,scientific,2,NEEDS_REVIEW,C,SRC-PUBCHEM-40113,,https://pubchem.ncbi.nlm.nih.gov/compound/40113,Computed Properties,openReuse,,"{""pubchem_cid"": 40113, ""molecular_formula"": ""C15H10BrClN2O"", ""molecular_weight"": ""349.61"", ""inchikey"": ""CGMJQQJSWIRRRL-UHFFFAOYSA-N"", ""iupac_name"": ""7-bromo-5-(2-chlorophenyl)-1,3-dihydro-1,4-benzodiazepin-2-one""}"
claim,C-AMITRIPTYLINE-IDENTITY,amitriptyline,identity,scientific,2,NEEDS_REVIEW,C,SRC-PUBCHEM-2160,,https://pubchem.ncbi.nlm.nih.gov/compound/2160,Computed Properties,openReuse,,"{""pubchem_cid"": 2160, ""molecular_formula"": ""C20H23N"", ""molecular_weight"": ""277.4"", ""inchikey"": ""KRMDCWKBEZIMAB-UHFFFAOYSA-N"", ""iupac_name"": ""N,N-dimethyl-3-(2-tricyclo[9.4.0.03,8]pentadeca-1(15),3,5,7,11,13-hexaenylidene)propan-1-amine""}"
claim,C-PARACETAMOL-IDENTITY,paracetamol,identity,scientific,2,NEEDS_REVIEW,C,SRC-PUBCHEM-1983,,https://pubchem.ncbi.nlm.nih.gov/compound/1983,Computed Properties,openReuse,,"{""pubchem_cid"": 1983, ""molecular_formula"": ""C8H9NO2"", ""molecular_weight"": ""151.16"", ""inchikey"": ""RZVAJINKPMORJF-UHFFFAOYSA-N"", ""iupac_name"": ""N-(4-hydroxyphenyl)acetamide""}"
claim,C-PREGABALIN-IDENTITY,pregabalin,identity,scientific,2,NEEDS_REVIEW,C,SRC-PUBCHEM-5486971,,https://pubchem.ncbi.nlm.nih.gov/compound/5486971,Computed Properties,openReuse,,"{""pubchem_cid"": 5486971, ""molecular_formula"": ""C8H17NO2"", ""molecular_weight"": ""159.23"", ""inchikey"": ""AYXYPKUFHZROOJ-ZETCQYMHSA-N"", ""iupac_name"": ""(3S)-3-(aminomethyl)-5-methylhexanoic acid""}"
claim,C-CARBON-MONOXIDE-IDENTITY,carbon-monoxide,identity,scientific,2,NEEDS_REVIEW,C,SRC-PUBCHEM-281,,https://pubchem.ncbi.nlm.nih.gov/compound/281,Computed Properties,openReuse,,"{""pubchem_cid"": 281, ""molecular_formula"": ""CO"", ""molecular_weight"": ""28.010"", ""inchikey"": ""UGFAIRIUMAVXCW-UHFFFAOYSA-N"", ""iupac_name"": ""carbon monoxide""}"
claim,C-CHLORPYRIFOS-IDENTITY,chlorpyrifos,identity,scientific,2,NEEDS_REVIEW,C,SRC-PUBCHEM-2730,,https://pubchem.ncbi.nlm.nih.gov/compound/2730,Computed Properties,openReuse,,"{""pubchem_cid"": 2730, ""molecular_formula"": ""C9H11Cl3NO3PS"", ""molecular_weight"": ""350.6"", ""inchikey"": ""SBPBAQFWLVIOKP-UHFFFAOYSA-N"", ""iupac_name"": ""diethoxy-sulfanylidene-[(3,5,6-trichloro-2-pyridinyl)oxy]-lambda5-phosphane""}"
claim,C-ALUMINIUM-PHOSPHIDE-IDENTITY,aluminium-phosphide,identity,scientific,2,NEEDS_REVIEW,C,SRC-PUBCHEM-16126812,,https://pubchem.ncbi.nlm.nih.gov/compound/16126812,Computed Properties,openReuse,,"{""pubchem_cid"": 16126812, ""molecular_formula"": ""AlP"", ""molecular_weight"": ""57.955300"", ""inchikey"": ""PGCGUUGEUBFBPP-UHFFFAOYSA-N"", ""iupac_name"": ""aluminum phosphorus(3-)""}"
claim,C-PHOSPHINE-IDENTITY,phosphine,identity,scientific,2,NEEDS_REVIEW,C,SRC-PUBCHEM-24404,,https://pubchem.ncbi.nlm.nih.gov/compound/24404,Computed Properties,openReuse,,"{""pubchem_cid"": 24404, ""molecular_formula"": ""H3P"", ""molecular_weight"": ""33.998"", ""inchikey"": ""XYFCBTPGUUZFHI-UHFFFAOYSA-N"", ""iupac_name"": ""phosphane""}"
claim,C-ETHANOL-METABOLITES,ethanol,metabolites,scientific,2,NEEDS_REVIEW,C,SRC-PMC3756590,10.35946/arcr.v34.3.09,https://pmc.ncbi.nlm.nih.gov/articles/PMC3756590/,"(untitled opening section, before 'ADH Variants')",openReuse,"The acetaldehyde then is further oxidized by the enzyme aldehyde dehydrogenase (ALDH) to acetate, which is either excreted in the urine or reincorporated into intermediary metabolism as acetyl-CoA.","{""items"": [""acetaldehyde"", ""acetate"", ""acetyl-CoA""], ""section"": ""(untitled opening section, before 'ADH Variants')""}"
claim,C-METHANOL-METABOLITES,methanol,metabolites,scientific,2,NEEDS_REVIEW,C,SRC-PMC11728796,10.3390/toxics12120924,https://pmc.ncbi.nlm.nih.gov/articles/PMC11728796/,3. Toxicokinetic,openReuse,"Methanol oxidation leads to the formation of formaldehyde, which is subsequently converted into formic acid.","{""items"": [""formaldehyde"", ""formic acid""], ""section"": ""3. Toxicokinetic""}"
claim,C-ETHYLENE-GLYCOL-METABOLITES,ethylene-glycol,metabolites,scientific,2,NEEDS_REVIEW,A,SRC-PMC9921105,10.1186/s13054-022-04227-2,https://pmc.ncbi.nlm.nih.gov/articles/PMC9921105/,Physicochemical characteristics and toxicokinetics,openReuse,"One third of absorbed EG is eliminated unchanged in urine while two-thirds are oxidized in the liver by the enzyme alcohol dehydrogenase (ADH) to glycolaldehyde, which is then rapidly converted to glycolate by aldehyde dehydrogenase.","{""items"": [""glycolaldehyde"", ""glycolate""], ""section"": ""Physicochemical characteristics and toxicokinetics""}"
claim,C-MORPHINE-METABOLITES,morphine,metabolites,scientific,2,NEEDS_REVIEW,C,SRC-PMC9134088,10.3389/fnmol.2022.882443,https://pmc.ncbi.nlm.nih.gov/articles/PMC9134088/,Morphine Metabolism > Glucuronidation of Morphine,openReuse,"Glucuronidation occurs at the C3-OH and C6-OH positions, leading to two active metabolites: morphine-3-glucuronide (M3G) and morphine-6-glucuronide (M6G).","{""items"": [""morphine-3-glucuronide (M3G)"", ""morphine-6-glucuronide (M6G)""], ""section"": ""Morphine Metabolism > Glucuronidation of Morphine""}"
claim,C-HEROIN-METABOLITES,heroin,metabolites,scientific,2,NEEDS_REVIEW,C,SRC-PMC10082801,10.1038/s41398-023-02406-5,https://pmc.ncbi.nlm.nih.gov/articles/PMC10082801/,Introduction,openReuse,"Since heroin is rapidly deacetylated to 6-monoacetylmorphine (6-MAM) and then to morphine, drug addiction literature has long settled on the notion that heroin is little more than a means to deliver morphine and/or 6-MAM to the brain.","{""items"": [""6-monoacetylmorphine (6-MAM)"", ""morphine""], ""section"": ""Introduction""}"
claim,C-FENTANYL-METABOLITES,fentanyl,metabolites,scientific,2,NEEDS_REVIEW,C,SRC-PMC10593981,10.1097/ADM.0000000000001185,https://pmc.ncbi.nlm.nih.gov/articles/PMC10593981/,3.1 Norfentanyl:,unknown,,"{""items"": [""norfentanyl""], ""section"": ""3.1 Norfentanyl:""}"
claim,C-TRAMADOL-METABOLITES,tramadol,metabolites,scientific,2,NEEDS_REVIEW,C,SRC-PMC13074819,10.3390/molecules31071177,https://pmc.ncbi.nlm.nih.gov/articles/PMC13074819/,2.2.1. Metabolic Activation Mechanism,openReuse,"O-demethylation catalyzed by CYP2D6 produces the active metabolite O-desmethyltramadol (M1, 3, Figure 1), whereas N-demethylation mediated by CYP3A4 and CYP2B6 yields the metabolite M2, which can be further converted into downstream metabolites such as M5.","{""items"": [""O-desmethyltramadol"", ""M2"", ""M5""], ""section"": ""2.2.1. Metabolic Activation Mechanism""}"
claim,C-METHAMPHETAMINE-METABOLITES,methamphetamine,metabolites,scientific,2,NEEDS_REVIEW,B,SRC-PMC9788588,10.3390/metabo12121174,https://pmc.ncbi.nlm.nih.gov/articles/PMC9788588/,1. Introduction,openReuse,"CYP2D6 is a major enzyme for MA catabolism via 4-hydroxylation (8–11%) and N-demethylation (2–7%) reaction to provide 4-hydroxymetamphetamine and amphetamine (AM), respectively.","{""items"": [""4-hydroxymetamphetamine"", ""amphetamine (AM)""], ""section"": ""1. Introduction""}"
claim,C-COCAINE-METABOLITES,cocaine,metabolites,scientific,2,NEEDS_REVIEW,C,SRC-PMC9032145,10.3390/toxins14040278,https://pmc.ncbi.nlm.nih.gov/articles/PMC9032145/,2.5.3. Metabolism,openReuse,"Cocaine yields two main metabolites: EME and BE, which may both undergo further hydrolysis into ecgonine (EC).","{""items"": [""EME"", ""BE"", ""ecgonine (EC)""], ""section"": ""2.5.3. Metabolism""}"
claim,C-THC-METABOLITES,thc,metabolites,scientific,2,NEEDS_REVIEW,A,SRC-PMC13275792,10.1007/s00414-026-03790-5,https://pmc.ncbi.nlm.nih.gov/articles/PMC13275792/,Introduction,openReuse,"Cannabis use or exposure is typically confirmed by detecting THC and its key metabolites, such as THC-COOH and 11-OH-THC, depending on the biological matrix.","{""items"": [""THC-COOH"", ""11-OH-THC""], ""section"": ""Introduction""}"
claim,C-ALPRAZOLAM-METABOLITES,alprazolam,metabolites,scientific,2,NEEDS_REVIEW,B,SRC-PMC9775082,10.3390/biomedicines10123022,https://pmc.ncbi.nlm.nih.gov/articles/PMC9775082/,1. Introduction,openReuse,Alprazolam was shown to be metabolized by human CYP3A4 and CYP3A5 to the main metabolites 4-hydroxyalprazolam and α-hydroxyalprazolam.,"{""items"": [""4-hydroxyalprazolam"", ""α-hydroxyalprazolam""], ""section"": ""1. Introduction""}"
claim,C-PHENAZEPAM-METABOLITES,phenazepam,metabolites,scientific,2,NEEDS_REVIEW,C,SRC-PMC8230725,10.3390/ph14060560,https://pmc.ncbi.nlm.nih.gov/articles/PMC8230725/,2.10. Phenazepam and 3-Hydroxyphenazepam,openReuse,It is metabolized to the active metabolite 3-hydroxyphenazepam by different isoforms of CYP450.,"{""items"": [""3-hydroxyphenazepam""], ""section"": ""2.10. Phenazepam and 3-Hydroxyphenazepam""}"
claim,C-AMITRIPTYLINE-METABOLITES,amitriptyline,metabolites,scientific,2,NEEDS_REVIEW,A,SRC-PMC5478479,10.1002/cpt.597,https://pmc.ncbi.nlm.nih.gov/articles/PMC5478479/,Background,unknown,,"{""items"": [""nortriptyline""], ""section"": ""Background""}"
claim,C-PARACETAMOL-METABOLITES,paracetamol,metabolites,scientific,2,NEEDS_REVIEW,C,SRC-PMC11567147,10.3390/livers4030024,https://pmc.ncbi.nlm.nih.gov/articles/PMC11567147/,Metabolism of APAP,openReuse,"After an overdose of APAP, the sulfate and glucuronide pathways become saturated, and CYP450 produces relatively more NAPQI.","{""items"": [""sulfate"", ""glucuronide"", ""NAPQI""], ""section"": ""Metabolism of APAP""}"
claim,C-PREGABALIN-METABOLISM_NOTE,pregabalin,metabolism_note,scientific,2,NEEDS_REVIEW,D,SRC-PMC13345593,10.3389/ftox.2026.1822851,https://pmc.ncbi.nlm.nih.gov/articles/PMC13345593/,Investigations,openReuse,"In our hands, the observed PGB values showed a decline consistent with the known pharmacokinetics of pregabalin, which displays rapid absorption, with peak levels reached within 1.5 h (up to 3 hours with food), high oral bioavailability, negligible metabolism, and almost exclusive renal elimination.","{""items"": [""negligible metabolism"", ""almost exclusive renal elimination""], ""section"": ""Investigations""}"
claim,C-CARBON-MONOXIDE-BIOMARKER,carbon-monoxide,biomarker,scientific,2,NEEDS_REVIEW,C,SRC-PMC11899572,10.3390/diagnostics15050581,https://pmc.ncbi.nlm.nih.gov/articles/PMC11899572/,7.1. Limitations of Current Techniques,openReuse,Carboxyhaemoglobin (COHb) testing using blood gas analysers or spectrophotometry remains the primary diagnostic method for carbon monoxide (CO) poisoning.,"{""items"": [""Carboxyhaemoglobin (COHb)""], ""section"": ""7.1. Limitations of Current Techniques""}"
claim,C-CHLORPYRIFOS-METABOLITES,chlorpyrifos,metabolites,scientific,2,NEEDS_REVIEW,C,SRC-PMC13164365,10.3390/ijms27093909,https://pmc.ncbi.nlm.nih.gov/articles/PMC13164365/,1. Introduction,openReuse,"The toxicity of chlorpyrifos is primarily mediated by its active metabolite, chlorpyrifos-oxon, which is formed via cytochrome P450-mediated desulfuration of the parent compound.","{""items"": [""chlorpyrifos-oxon""], ""section"": ""1. Introduction""}"
claim,C-ALUMINIUM-PHOSPHIDE-TRANSFORMATION_PRODUCT,aluminium-phosphide,transformation_product,scientific,2,NEEDS_REVIEW,A,SRC-PMC12550317,10.1016/j.dialog.2025.100247,https://pmc.ncbi.nlm.nih.gov/articles/PMC12550317/,Discussion,nonCommercial,,"{""items"": [""phosphine gas""], ""section"": ""Discussion""}"
claim,C-BIO-VITREOUS-POTASSIUM-MARKER,bio-vitreous-potassium,marker,medicine_histology,2,NEEDS_REVIEW,B,SRC-PMC5431803,10.1038/s41598-017-02027-1,https://pmc.ncbi.nlm.nih.gov/articles/PMC5431803/,RESULTS,openReuse,"It was worth mentioning that there was a linear rise in vitreous potassium concentration with advancing PMI, which was first described by Sturner in 1963.","{""section"": ""RESULTS""}"
claim,C-BIO-VITREOUS-POTASSIUM-LIMITATION,bio-vitreous-potassium,limitation,medicine_histology,2,NEEDS_REVIEW,C,SRC-PMC13224331,10.7759/cureus.108128,https://pmc.ncbi.nlm.nih.gov/articles/PMC13224331/,INTRO,openReuse,"These findings highlight the inconsistent influence of temperature on vitreous potassium, underscoring its role as a potential confounding factor in PMI estimation.","{""section"": ""INTRO""}"
claim,C-EMG-NITAZENES-SUMMARY,emg-nitazenes,summary,scientific,2,NEEDS_REVIEW,B,SRC-PMC12147671,10.1016/j.neuropharm.2025.110512,https://pmc.ncbi.nlm.nih.gov/articles/PMC12147671/,ABSTRACT,openReuse,"New nitazenes are discovered each year in drug samples and toxicology specimens, necessitating rapid pharmacological characterization.","{""section"": ""ABSTRACT""}"
claim,C-FM-LIVOR-MORTIS-DEFINITION,fm-livor-mortis,definition,medicine_histology,2,NEEDS_REVIEW,C,SRC-PMC12450430,10.7759/cureus.90760,https://pmc.ncbi.nlm.nih.gov/articles/PMC12450430/,ABSTRACT,openReuse,Livor mortis is an early postmortem change; it is also referred to as dependent lividity or postmortem hypostasis.,"{""section"": ""ABSTRACT""}"
claim,C-FM-ALGOR-MORTIS-DEFINITION,fm-algor-mortis,definition,medicine_histology,2,NEEDS_REVIEW,B,SRC-PMC11580817,10.7759/cureus.74161,https://pmc.ncbi.nlm.nih.gov/articles/PMC11580817/,INTRO,openReuse,Algor mortis is the progressive cooling of a body after death as it equilibrates with the ambient temperature.,"{""section"": ""INTRO""}"
claim,C-FM-POSTMORTEM-INTERVAL-LIMITATION,fm-postmortem-interval,limitation,medicine_histology,2,NEEDS_REVIEW,C,SRC-PMC10861637,10.1007/s00414-023-03060-8,https://pmc.ncbi.nlm.nih.gov/articles/PMC10861637/,ABSTRACT,openReuse,"Our framework reinforces the need for a multidisciplinary approach to PMI research, and calls for an adaptive research cycle that aims to reduce uncertainty in PMI estimates via experimentation, modelling, and validation.","{""section"": ""ABSTRACT""}"
claim,C-METHOD-GCMS-ROLE_IN_FORENSIC_TOXICOLOGY,method-gcms,role_in_forensic_toxicology,analytical,2,NEEDS_REVIEW,C,SRC-PMC11929145,10.7759/cureus.79352,https://pmc.ncbi.nlm.nih.gov/articles/PMC11929145/,INTRO,openReuse,"Forensic toxicologists employ a range of analytical methods, including gas chromatography-mass spectrometry (GC-MS) and liquid chromatography-mass spectrometry (LC-MS), which are considered gold standards in the field.","{""section"": ""INTRO""}"
claim,C-REAGENT-MARQUIS-USE_CONTEXT,reagent-marquis,use_context,analytical,2,NEEDS_REVIEW,B,SRC-PMC11961553,10.1002/ansa.70008,https://pmc.ncbi.nlm.nih.gov/articles/PMC11961553/,INTRO,openReuse,"Hence, this study aimed to investigate the potential application of Mandelin, Mecke and Marquis reagents in the presumptive testing for xylazine.","{""section"": ""INTRO""}"
claim,C-REAGENT-MARQUIS-TEST_CLASS_LIMITATION,reagent-marquis,test_class_limitation,analytical,2,NEEDS_REVIEW,C,SRC-PMC5537996,10.1186/s12954-017-0179-5,https://pmc.ncbi.nlm.nih.gov/articles/PMC5537996/,INTRO,openReuse,Spot/color tests offer presumptive testing based on chemical reactions between analytes and indicators.,"{""section"": ""INTRO""}"
claim,C-SCR-IMMUNOASSAY-DRUGS-PRESUMPTIVE_NATURE,scr-immunoassay-drugs,presumptive_nature,scientific,2,NEEDS_REVIEW,B,SRC-PMC11402778,10.1016/j.heliyon.2024.e36735,https://pmc.ncbi.nlm.nih.gov/articles/PMC11402778/,INTRO,openReuse,"Immunoassay results are also considered presumptive until confirmed by higher resolution techniques like gas or liquid chromatography-MS (GC-MS, LC-MS) methods.","{""section"": ""INTRO""}"
claim,C-SCR-IMMUNOASSAY-DRUGS-CROSS_REACTIVITY,scr-immunoassay-drugs,cross_reactivity,scientific,2,NEEDS_REVIEW,B,SRC-PMC2688477,10.1186/1471-227X-9-5,https://pmc.ncbi.nlm.nih.gov/articles/PMC2688477/,ABSTRACT,openReuse,All DOA/Tox screening immunoassays can be limited by false positives caused by cross-reactivity from structurally related compounds.,"{""section"": ""ABSTRACT""}"
claim,C-ISOPROPANOL-IDENTITY,isopropanol,identity,scientific,2,NEEDS_REVIEW,C,SRC-PUBCHEM-3776,,https://pubchem.ncbi.nlm.nih.gov/compound/3776,Computed Properties,openReuse,,"{""pubchem_cid"": 3776, ""molecular_formula"": ""C3H8O"", ""molecular_weight"": ""60.10"", ""inchikey"": ""KFZMGEQAYNKOFK-UHFFFAOYSA-N"", ""iupac_name"": ""propan-2-ol""}"
claim,C-ACETONE-IDENTITY,acetone,identity,scientific,2,NEEDS_REVIEW,C,SRC-PUBCHEM-180,,https://pubchem.ncbi.nlm.nih.gov/compound/180,Computed Properties,openReuse,,"{""pubchem_cid"": 180, ""molecular_formula"": ""C3H6O"", ""molecular_weight"": ""58.08"", ""inchikey"": ""CSCPPACGZOOCGX-UHFFFAOYSA-N"", ""iupac_name"": ""propan-2-one""}"
claim,C-DIETHYLENE-GLYCOL-IDENTITY,diethylene-glycol,identity,scientific,2,NEEDS_REVIEW,C,SRC-PUBCHEM-8117,,https://pubchem.ncbi.nlm.nih.gov/compound/8117,Computed Properties,openReuse,,"{""pubchem_cid"": 8117, ""molecular_formula"": ""C4H10O3"", ""molecular_weight"": ""106.12"", ""inchikey"": ""MTHSVFCYNBDYFN-UHFFFAOYSA-N"", ""iupac_name"": ""2-(2-hydroxyethoxy)ethanol""}"
claim,C-TOLUENE-IDENTITY,toluene,identity,scientific,2,NEEDS_REVIEW,C,SRC-PUBCHEM-1140,,https://pubchem.ncbi.nlm.nih.gov/compound/1140,Computed Properties,openReuse,,"{""pubchem_cid"": 1140, ""molecular_formula"": ""C7H8"", ""molecular_weight"": ""92.14"", ""inchikey"": ""YXFVVABEGXRONW-UHFFFAOYSA-N"", ""iupac_name"": ""toluene""}"
claim,C-BUTANE-IDENTITY,butane,identity,scientific,2,NEEDS_REVIEW,C,SRC-PUBCHEM-7843,,https://pubchem.ncbi.nlm.nih.gov/compound/7843,Computed Properties,openReuse,,"{""pubchem_cid"": 7843, ""molecular_formula"": ""C4H10"", ""molecular_weight"": ""58.12"", ""inchikey"": ""IJDNQMDRQITEOD-UHFFFAOYSA-N"", ""iupac_name"": ""butane""}"
claim,C-CHLOROFORM-IDENTITY,chloroform,identity,scientific,2,NEEDS_REVIEW,C,SRC-PUBCHEM-6212,,https://pubchem.ncbi.nlm.nih.gov/compound/6212,Computed Properties,openReuse,,"{""pubchem_cid"": 6212, ""molecular_formula"": ""CHCl3"", ""molecular_weight"": ""119.37"", ""inchikey"": ""HEDRZPFGACZZDS-UHFFFAOYSA-N"", ""iupac_name"": ""chloroform""}"
claim,C-DIFLUOROETHANE-IDENTITY,difluoroethane,identity,scientific,2,NEEDS_REVIEW,C,SRC-PUBCHEM-6368,,https://pubchem.ncbi.nlm.nih.gov/compound/6368,Computed Properties,openReuse,,"{""pubchem_cid"": 6368, ""molecular_formula"": ""C2H4F2"", ""molecular_weight"": ""66.05"", ""inchikey"": ""NPNPZTNLOVBDOC-UHFFFAOYSA-N"", ""iupac_name"": ""1,1-difluoroethane""}"
claim,C-HYDROGEN-CYANIDE-IDENTITY,hydrogen-cyanide,identity,scientific,2,NEEDS_REVIEW,C,SRC-PUBCHEM-768,,https://pubchem.ncbi.nlm.nih.gov/compound/768,Computed Properties,openReuse,,"{""pubchem_cid"": 768, ""molecular_formula"": ""CHN"", ""molecular_weight"": ""27.025"", ""inchikey"": ""LELOWRISYMNNSU-UHFFFAOYSA-N"", ""iupac_name"": ""formonitrile""}"
claim,C-HYDROGEN-SULFIDE-IDENTITY,hydrogen-sulfide,identity,scientific,2,NEEDS_REVIEW,C,SRC-PUBCHEM-402,,https://pubchem.ncbi.nlm.nih.gov/compound/402,Computed Properties,openReuse,,"{""pubchem_cid"": 402, ""molecular_formula"": ""H2S"", ""molecular_weight"": ""34.08"", ""inchikey"": ""RWSOTUBLDIXVET-UHFFFAOYSA-N"", ""iupac_name"": ""sulfane""}"
claim,C-NITROUS-OXIDE-IDENTITY,nitrous-oxide,identity,scientific,2,NEEDS_REVIEW,C,SRC-PUBCHEM-948,,https://pubchem.ncbi.nlm.nih.gov/compound/948,Computed Properties,openReuse,,"{""pubchem_cid"": 948, ""molecular_formula"": ""N2O"", ""molecular_weight"": ""44.013"", ""inchikey"": ""GQPLMRYTRLFLPF-UHFFFAOYSA-N"", ""iupac_name"": ""nitrous oxide""}"
claim,C-CODEINE-IDENTITY,codeine,identity,scientific,2,NEEDS_REVIEW,C,SRC-PUBCHEM-5284371,,https://pubchem.ncbi.nlm.nih.gov/compound/5284371,Computed Properties,openReuse,,"{""pubchem_cid"": 5284371, ""molecular_formula"": ""C18H21NO3"", ""molecular_weight"": ""299.4"", ""inchikey"": ""OROGSEYTTFOCAN-DNJOTXNNSA-N"", ""iupac_name"": ""(4R,4aR,7S,7aR,12bS)-9-methoxy-3-methyl-2,4,4a,7,7a,13-hexahydro-1H-4,12-methanobenzofuro[3,2-e]isoquinolin-7-ol""}"
claim,C-HYDROCODONE-IDENTITY,hydrocodone,identity,scientific,2,NEEDS_REVIEW,C,SRC-PUBCHEM-5284569,,https://pubchem.ncbi.nlm.nih.gov/compound/5284569,Computed Properties,openReuse,,"{""pubchem_cid"": 5284569, ""molecular_formula"": ""C18H21NO3"", ""molecular_weight"": ""299.4"", ""inchikey"": ""LLPOLZWFYMWNKH-CMKMFDCUSA-N"", ""iupac_name"": ""(4R,4aR,7aR,12bS)-9-methoxy-3-methyl-1,2,4,4a,5,6,7a,13-octahydro-4,12-methanobenzofuro[3,2-e]isoquinolin-7-one""}"
claim,C-HYDROMORPHONE-IDENTITY,hydromorphone,identity,scientific,2,NEEDS_REVIEW,C,SRC-PUBCHEM-5284570,,https://pubchem.ncbi.nlm.nih.gov/compound/5284570,Computed Properties,openReuse,,"{""pubchem_cid"": 5284570, ""molecular_formula"": ""C17H19NO3"", ""molecular_weight"": ""285.34"", ""inchikey"": ""WVLOADHCBXTIJK-YNHQPCIGSA-N"", ""iupac_name"": ""(4R,4aR,7aR,12bS)-9-hydroxy-3-methyl-1,2,4,4a,5,6,7a,13-octahydro-4,12-methanobenzofuro[3,2-e]isoquinolin-7-one""}"
claim,C-OXYCODONE-IDENTITY,oxycodone,identity,scientific,2,NEEDS_REVIEW,C,SRC-PUBCHEM-5284603,,https://pubchem.ncbi.nlm.nih.gov/compound/5284603,Computed Properties,openReuse,,"{""pubchem_cid"": 5284603, ""molecular_formula"": ""C18H21NO4"", ""molecular_weight"": ""315.4"", ""inchikey"": ""BRUQQQPBMZOVGD-XFKAJCMBSA-N"", ""iupac_name"": ""(4R,4aS,7aR,12bS)-4a-hydroxy-9-methoxy-3-methyl-2,4,5,6,7a,13-hexahydro-1H-4,12-methanobenzofuro[3,2-e]isoquinolin-7-one""}"
claim,C-OXYMORPHONE-IDENTITY,oxymorphone,identity,scientific,2,NEEDS_REVIEW,C,SRC-PUBCHEM-5284604,,https://pubchem.ncbi.nlm.nih.gov/compound/5284604,Computed Properties,openReuse,,"{""pubchem_cid"": 5284604, ""molecular_formula"": ""C17H19NO4"", ""molecular_weight"": ""301.34"", ""inchikey"": ""UQCNKQCJZOAFTQ-ISWURRPUSA-N"", ""iupac_name"": ""(4R,4aS,7aR,12bS)-4a,9-dihydroxy-3-methyl-2,4,5,6,7a,13-hexahydro-1H-4,12-methanobenzofuro[3,2-e]isoquinolin-7-one""}"
claim,C-METHADONE-IDENTITY,methadone,identity,scientific,2,NEEDS_REVIEW,C,SRC-PUBCHEM-4095,,https://pubchem.ncbi.nlm.nih.gov/compound/4095,Computed Properties,openReuse,,"{""pubchem_cid"": 4095, ""molecular_formula"": ""C21H27NO"", ""molecular_weight"": ""309.4"", ""inchikey"": ""USSIQXCVUWKGNF-UHFFFAOYSA-N"", ""iupac_name"": ""6-(dimethylamino)-4,4-diphenylheptan-3-one""}"
claim,C-BUPRENORPHINE-IDENTITY,buprenorphine,identity,scientific,2,NEEDS_REVIEW,C,SRC-PUBCHEM-644073,,https://pubchem.ncbi.nlm.nih.gov/compound/644073,Computed Properties,openReuse,,"{""pubchem_cid"": 644073, ""molecular_formula"": ""C29H41NO4"", ""molecular_weight"": ""467.6"", ""inchikey"": ""RMRJXGBAOAMLHD-IHFGGWKQSA-N"", ""iupac_name"": ""(1S,2S,6R,14R,15R,16R)-5-(cyclopropylmethyl)-16-[(2S)-2-hydroxy-3,3-dimethylbutan-2-yl]-15-methoxy-13-oxa-5-azahexacyclo[13.2.2.12,8.01,6.02,14.012,20]icosa-8(20),9,11-trien-11-ol""}"
claim,C-TAPENTADOL-IDENTITY,tapentadol,identity,scientific,2,NEEDS_REVIEW,C,SRC-PUBCHEM-9838022,,https://pubchem.ncbi.nlm.nih.gov/compound/9838022,Computed Properties,openReuse,,"{""pubchem_cid"": 9838022, ""molecular_formula"": ""C14H23NO"", ""molecular_weight"": ""221.34"", ""inchikey"": ""KWTWDQCKEHXFFR-SMDDNHRTSA-N"", ""iupac_name"": ""3-[(2R,3R)-1-(dimethylamino)-2-methylpentan-3-yl]phenol""}"
claim,C-NORFENTANYL-IDENTITY,norfentanyl,identity,scientific,2,NEEDS_REVIEW,C,SRC-PUBCHEM-259381,,https://pubchem.ncbi.nlm.nih.gov/compound/259381,Computed Properties,openReuse,,"{""pubchem_cid"": 259381, ""molecular_formula"": ""C14H20N2O"", ""molecular_weight"": ""232.32"", ""inchikey"": ""PMCBDBWCQQBSRJ-UHFFFAOYSA-N"", ""iupac_name"": ""N-phenyl-N-piperidin-4-ylpropanamide""}"
claim,C-CARFENTANIL-IDENTITY,carfentanil,identity,scientific,2,NEEDS_REVIEW,C,SRC-PUBCHEM-62156,,https://pubchem.ncbi.nlm.nih.gov/compound/62156,Computed Properties,openReuse,,"{""pubchem_cid"": 62156, ""molecular_formula"": ""C24H30N2O3"", ""molecular_weight"": ""394.5"", ""inchikey"": ""YDSDEBIZUNNPOB-UHFFFAOYSA-N"", ""iupac_name"": ""methyl 1-(2-phenylethyl)-4-(N-propanoylanilino)piperidine-4-carboxylate""}"
claim,C-ACETYLFENTANYL-IDENTITY,acetylfentanyl,identity,scientific,2,NEEDS_REVIEW,C,SRC-PUBCHEM-527015,,https://pubchem.ncbi.nlm.nih.gov/compound/527015,Computed Properties,openReuse,,"{""pubchem_cid"": 527015, ""molecular_formula"": ""C21H26N2O"", ""molecular_weight"": ""322.4"", ""inchikey"": ""FYIUUQUPOKIKNI-UHFFFAOYSA-N"", ""iupac_name"": ""N-phenyl-N-[1-(2-phenylethyl)piperidin-4-yl]acetamide""}"
claim,C-FURANYLFENTANYL-IDENTITY,furanylfentanyl,identity,scientific,2,NEEDS_REVIEW,C,SRC-PUBCHEM-13653606,,https://pubchem.ncbi.nlm.nih.gov/compound/13653606,Computed Properties,openReuse,,"{""pubchem_cid"": 13653606, ""molecular_formula"": ""C24H26N2O2"", ""molecular_weight"": ""374.5"", ""inchikey"": ""FZJVHWISUGFFQV-UHFFFAOYSA-N"", ""iupac_name"": ""N-phenyl-N-[1-(2-phenylethyl)piperidin-4-yl]furan-2-carboxamide""}"
claim,C-SUFENTANIL-IDENTITY,sufentanil,identity,scientific,2,NEEDS_REVIEW,C,SRC-PUBCHEM-41693,,https://pubchem.ncbi.nlm.nih.gov/compound/41693,Computed Properties,openReuse,,"{""pubchem_cid"": 41693, ""molecular_formula"": ""C22H30N2O2S"", ""molecular_weight"": ""386.6"", ""inchikey"": ""GGCSSNBKKAUURC-UHFFFAOYSA-N"", ""iupac_name"": ""N-[4-(methoxymethyl)-1-(2-thiophen-2-ylethyl)piperidin-4-yl]-N-phenylpropanamide""}"
claim,C-ALFENTANIL-IDENTITY,alfentanil,identity,scientific,2,NEEDS_REVIEW,C,SRC-PUBCHEM-51263,,https://pubchem.ncbi.nlm.nih.gov/compound/51263,Computed Properties,openReuse,,"{""pubchem_cid"": 51263, ""molecular_formula"": ""C21H32N6O3"", ""molecular_weight"": ""416.5"", ""inchikey"": ""IDBPHNDTYPBSNI-UHFFFAOYSA-N"", ""iupac_name"": ""N-[1-[2-(4-ethyl-5-oxotetrazol-1-yl)ethyl]-4-(methoxymethyl)piperidin-4-yl]-N-phenylpropanamide""}"
claim,C-ISOTONITAZENE-IDENTITY,isotonitazene,identity,scientific,2,NEEDS_REVIEW,C,SRC-PUBCHEM-145721979,,https://pubchem.ncbi.nlm.nih.gov/compound/145721979,Computed Properties,openReuse,,"{""pubchem_cid"": 145721979, ""molecular_formula"": ""C23H30N4O3"", ""molecular_weight"": ""410.5"", ""inchikey"": ""OIOQREYBGDAYGT-UHFFFAOYSA-N"", ""iupac_name"": ""N,N-diethyl-2-[5-nitro-2-[(4-propan-2-yloxyphenyl)methyl]benzimidazol-1-yl]ethanamine""}"
claim,C-METONITAZENE-IDENTITY,metonitazene,identity,scientific,2,NEEDS_REVIEW,C,SRC-PUBCHEM-53316366,,https://pubchem.ncbi.nlm.nih.gov/compound/53316366,Computed Properties,openReuse,,"{""pubchem_cid"": 53316366, ""molecular_formula"": ""C21H26N4O3"", ""molecular_weight"": ""382.5"", ""inchikey"": ""HNGZTLMRQTVPBH-UHFFFAOYSA-N"", ""iupac_name"": ""N,N-diethyl-2-[2-[(4-methoxyphenyl)methyl]-5-nitrobenzimidazol-1-yl]ethanamine""}"
claim,C-PROTONITAZENE-IDENTITY,protonitazene,identity,scientific,2,NEEDS_REVIEW,C,SRC-PUBCHEM-156589001,,https://pubchem.ncbi.nlm.nih.gov/compound/156589001,Computed Properties,openReuse,,"{""pubchem_cid"": 156589001, ""molecular_formula"": ""C23H30N4O3"", ""molecular_weight"": ""410.5"", ""inchikey"": ""SJHUJFHOXYDSJY-UHFFFAOYSA-N"", ""iupac_name"": ""N,N-diethyl-2-[5-nitro-2-[(4-propoxyphenyl)methyl]benzimidazol-1-yl]ethanamine""}"
claim,C-ETONITAZENE-IDENTITY,etonitazene,identity,scientific,2,NEEDS_REVIEW,C,SRC-PUBCHEM-13493,,https://pubchem.ncbi.nlm.nih.gov/compound/13493,Computed Properties,openReuse,,"{""pubchem_cid"": 13493, ""molecular_formula"": ""C22H28N4O3"", ""molecular_weight"": ""396.5"", ""inchikey"": ""PXDBZSCGSQSKST-UHFFFAOYSA-N"", ""iupac_name"": ""2-[2-[(4-ethoxyphenyl)methyl]-5-nitrobenzimidazol-1-yl]-N,N-diethylethanamine""}"
claim,C-ETONITAZEPYNE-IDENTITY,etonitazepyne,identity,scientific,2,NEEDS_REVIEW,C,SRC-PUBCHEM-155804760,,https://pubchem.ncbi.nlm.nih.gov/compound/155804760,Computed Properties,openReuse,,"{""pubchem_cid"": 155804760, ""molecular_formula"": ""C22H26N4O3"", ""molecular_weight"": ""394.5"", ""inchikey"": ""LQZWZCJCEPUKCJ-UHFFFAOYSA-N"", ""iupac_name"": ""2-[(4-ethoxyphenyl)methyl]-5-nitro-1-(2-pyrrolidin-1-ylethyl)benzimidazole""}"
claim,C-MITRAGYNINE-IDENTITY,mitragynine,identity,scientific,2,NEEDS_REVIEW,C,SRC-PUBCHEM-3034396,,https://pubchem.ncbi.nlm.nih.gov/compound/3034396,Computed Properties,openReuse,,"{""pubchem_cid"": 3034396, ""molecular_formula"": ""C23H30N2O4"", ""molecular_weight"": ""398.5"", ""inchikey"": ""LELBFTMXCIIKKX-QVRQZEMUSA-N"", ""iupac_name"": ""methyl (E)-2-[(2S,3S,12bS)-3-ethyl-8-methoxy-1,2,3,4,6,7,12,12b-octahydroindolo[2,3-a]quinolizin-2-yl]-3-methoxyprop-2-enoate""}"
claim,C-LOPERAMIDE-IDENTITY,loperamide,identity,scientific,2,NEEDS_REVIEW,C,SRC-PUBCHEM-3955,,https://pubchem.ncbi.nlm.nih.gov/compound/3955,Computed Properties,openReuse,,"{""pubchem_cid"": 3955, ""molecular_formula"": ""C29H33ClN2O2"", ""molecular_weight"": ""477.0"", ""inchikey"": ""RDOIQAHITMMDAJ-UHFFFAOYSA-N"", ""iupac_name"": ""4-[4-(4-chlorophenyl)-4-hydroxypiperidin-1-yl]-N,N-dimethyl-2,2-diphenylbutanamide""}"
claim,C-DEXTROMETHORPHAN-IDENTITY,dextromethorphan,identity,scientific,2,NEEDS_REVIEW,C,SRC-PUBCHEM-5360696,,https://pubchem.ncbi.nlm.nih.gov/compound/5360696,Computed Properties,openReuse,,"{""pubchem_cid"": 5360696, ""molecular_formula"": ""C18H25NO"", ""molecular_weight"": ""271.4"", ""inchikey"": ""MKXZASYAUGDDCJ-NJAFHUGGSA-N"", ""iupac_name"": ""(1S,9S,10S)-4-methoxy-17-methyl-17-azatetracyclo[7.5.3.01,10.02,7]heptadeca-2(7),3,5-triene""}"
claim,C-BENZOYLECGONINE-IDENTITY,benzoylecgonine,identity,scientific,2,NEEDS_REVIEW,C,SRC-PUBCHEM-448223,,https://pubchem.ncbi.nlm.nih.gov/compound/448223,Computed Properties,openReuse,,"{""pubchem_cid"": 448223, ""molecular_formula"": ""C16H19NO4"", ""molecular_weight"": ""289.33"", ""inchikey"": ""GVGYEFKIHJTNQZ-RFQIPJPRSA-N"", ""iupac_name"": ""(1R,2R,3S,5S)-3-benzoyloxy-8-methyl-8-azabicyclo[3.2.1]octane-2-carboxylic acid""}"
claim,C-COCAETHYLENE-IDENTITY,cocaethylene,identity,scientific,2,NEEDS_REVIEW,C,SRC-PUBCHEM-644006,,https://pubchem.ncbi.nlm.nih.gov/compound/644006,Computed Properties,openReuse,,"{""pubchem_cid"": 644006, ""molecular_formula"": ""C18H23NO4"", ""molecular_weight"": ""317.4"", ""inchikey"": ""NMPOSNRHZIWLLL-XUWVNRHRSA-N"", ""iupac_name"": ""ethyl (1R,2R,3S,5S)-3-benzoyloxy-8-methyl-8-azabicyclo[3.2.1]octane-2-carboxylate""}"
claim,C-AMPHETAMINE-IDENTITY,amphetamine,identity,scientific,2,NEEDS_REVIEW,C,SRC-PUBCHEM-3007,,https://pubchem.ncbi.nlm.nih.gov/compound/3007,Computed Properties,openReuse,,"{""pubchem_cid"": 3007, ""molecular_formula"": ""C9H13N"", ""molecular_weight"": ""135.21"", ""inchikey"": ""KWTSXDURSIMDCE-UHFFFAOYSA-N"", ""iupac_name"": ""1-phenylpropan-2-amine""}"
claim,C-MDMA-IDENTITY,mdma,identity,scientific,2,NEEDS_REVIEW,C,SRC-PUBCHEM-1615,,https://pubchem.ncbi.nlm.nih.gov/compound/1615,Computed Properties,openReuse,,"{""pubchem_cid"": 1615, ""molecular_formula"": ""C11H15NO2"", ""molecular_weight"": ""193.24"", ""inchikey"": ""SHXWCVYOXRDMCX-UHFFFAOYSA-N"", ""iupac_name"": ""1-(1,3-benzodioxol-5-yl)-N-methylpropan-2-amine""}"
claim,C-MDA-IDENTITY,mda,identity,scientific,2,NEEDS_REVIEW,C,SRC-PUBCHEM-1614,,https://pubchem.ncbi.nlm.nih.gov/compound/1614,Computed Properties,openReuse,,"{""pubchem_cid"": 1614, ""molecular_formula"": ""C10H13NO2"", ""molecular_weight"": ""179.22"", ""inchikey"": ""NGBBVGZWCFBOGO-UHFFFAOYSA-N"", ""iupac_name"": ""1-(1,3-benzodioxol-5-yl)propan-2-amine""}"
claim,C-MDEA-IDENTITY,mdea,identity,scientific,2,NEEDS_REVIEW,C,SRC-PUBCHEM-105039,,https://pubchem.ncbi.nlm.nih.gov/compound/105039,Computed Properties,openReuse,,"{""pubchem_cid"": 105039, ""molecular_formula"": ""C12H17NO2"", ""molecular_weight"": ""207.27"", ""inchikey"": ""PVXVWWANJIWJOO-UHFFFAOYSA-N"", ""iupac_name"": ""1-(1,3-benzodioxol-5-yl)-N-ethylpropan-2-amine""}"
claim,C-MEPHEDRONE-IDENTITY,mephedrone,identity,scientific,2,NEEDS_REVIEW,C,SRC-PUBCHEM-45266826,,https://pubchem.ncbi.nlm.nih.gov/compound/45266826,Computed Properties,openReuse,,"{""pubchem_cid"": 45266826, ""molecular_formula"": ""C11H15NO"", ""molecular_weight"": ""177.24"", ""inchikey"": ""YELGFTGWJGBAQU-UHFFFAOYSA-N"", ""iupac_name"": ""2-(methylamino)-1-(4-methylphenyl)propan-1-one""}"
claim,C-MDPV-IDENTITY,mdpv,identity,scientific,2,NEEDS_REVIEW,C,SRC-PUBCHEM-20111961,,https://pubchem.ncbi.nlm.nih.gov/compound/20111961,Computed Properties,openReuse,,"{""pubchem_cid"": 20111961, ""molecular_formula"": ""C16H21NO3"", ""molecular_weight"": ""275.34"", ""inchikey"": ""SYHGEUNFJIGTRX-UHFFFAOYSA-N"", ""iupac_name"": ""1-(1,3-benzodioxol-5-yl)-2-pyrrolidin-1-ylpentan-1-one""}"
claim,C-ALPHA-PVP-IDENTITY,alpha-pvp,identity,scientific,2,NEEDS_REVIEW,C,SRC-PUBCHEM-11148955,,https://pubchem.ncbi.nlm.nih.gov/compound/11148955,Computed Properties,openReuse,,"{""pubchem_cid"": 11148955, ""molecular_formula"": ""C15H21NO"", ""molecular_weight"": ""231.33"", ""inchikey"": ""YDIIDRWHPFMLGR-UHFFFAOYSA-N"", ""iupac_name"": ""1-phenyl-2-pyrrolidin-1-ylpentan-1-one""}"
claim,C-METHYLPHENIDATE-IDENTITY,methylphenidate,identity,scientific,2,NEEDS_REVIEW,C,SRC-PUBCHEM-4158,,https://pubchem.ncbi.nlm.nih.gov/compound/4158,Computed Properties,openReuse,,"{""pubchem_cid"": 4158, ""molecular_formula"": ""C14H19NO2"", ""molecular_weight"": ""233.31"", ""inchikey"": ""DUGOZIWVEXMGBE-UHFFFAOYSA-N"", ""iupac_name"": ""methyl 2-phenyl-2-piperidin-2-ylacetate""}"
claim,C-CATHINONE-IDENTITY,cathinone,identity,scientific,2,NEEDS_REVIEW,C,SRC-PUBCHEM-62258,,https://pubchem.ncbi.nlm.nih.gov/compound/62258,Computed Properties,openReuse,,"{""pubchem_cid"": 62258, ""molecular_formula"": ""C9H11NO"", ""molecular_weight"": ""149.19"", ""inchikey"": ""PUAQLLVFLMYYJJ-ZETCQYMHSA-N"", ""iupac_name"": ""(2S)-2-amino-1-phenylpropan-1-one""}"
claim,C-EPHEDRINE-IDENTITY,ephedrine,identity,scientific,2,NEEDS_REVIEW,C,SRC-PUBCHEM-9294,,https://pubchem.ncbi.nlm.nih.gov/compound/9294,Computed Properties,openReuse,,"{""pubchem_cid"": 9294, ""molecular_formula"": ""C10H15NO"", ""molecular_weight"": ""165.23"", ""inchikey"": ""KWGRBVOPPLSCSI-WPRPVWTQSA-N"", ""iupac_name"": ""(1R,2S)-2-(methylamino)-1-phenylpropan-1-ol""}"
claim,C-11-OH-THC-IDENTITY,11-oh-thc,identity,scientific,2,NEEDS_REVIEW,C,SRC-PUBCHEM-644022,,https://pubchem.ncbi.nlm.nih.gov/compound/644022,Computed Properties,openReuse,,"{""pubchem_cid"": 644022, ""molecular_formula"": ""C21H30O3"", ""molecular_weight"": ""330.5"", ""inchikey"": ""YCBKSSAWEUDACY-IAGOWNOFSA-N"", ""iupac_name"": ""(6aR,10aR)-9-(hydroxymethyl)-6,6-dimethyl-3-pentyl-6a,7,8,10a-tetrahydrobenzo[c]chromen-1-ol""}"
claim,C-THC-COOH-IDENTITY,thc-cooh,identity,scientific,2,NEEDS_REVIEW,C,SRC-PUBCHEM-108207,,https://pubchem.ncbi.nlm.nih.gov/compound/108207,Computed Properties,openReuse,,"{""pubchem_cid"": 108207, ""molecular_formula"": ""C21H28O4"", ""molecular_weight"": ""344.4"", ""inchikey"": ""YOVRGSHRZRJTLZ-HZPDHXFCSA-N"", ""iupac_name"": ""(6aR,10aR)-1-hydroxy-6,6-dimethyl-3-pentyl-6a,7,8,10a-tetrahydrobenzo[c]chromene-9-carboxylic acid""}"
claim,C-CBD-IDENTITY,cbd,identity,scientific,2,NEEDS_REVIEW,C,SRC-PUBCHEM-644019,,https://pubchem.ncbi.nlm.nih.gov/compound/644019,Computed Properties,openReuse,,"{""pubchem_cid"": 644019, ""molecular_formula"": ""C21H30O2"", ""molecular_weight"": ""314.5"", ""inchikey"": ""QHMBSVQNZZTUGM-ZWKOTPCHSA-N"", ""iupac_name"": ""2-[(1R,6R)-3-methyl-6-prop-1-en-2-ylcyclohex-2-en-1-yl]-5-pentylbenzene-1,3-diol""}"
claim,C-JWH-018-IDENTITY,jwh-018,identity,scientific,2,NEEDS_REVIEW,C,SRC-PUBCHEM-10382701,,https://pubchem.ncbi.nlm.nih.gov/compound/10382701,Computed Properties,openReuse,,"{""pubchem_cid"": 10382701, ""molecular_formula"": ""C24H23NO"", ""molecular_weight"": ""341.4"", ""inchikey"": ""JDNLPKCAXICMBW-UHFFFAOYSA-N"", ""iupac_name"": ""naphthalen-1-yl-(1-pentylindol-3-yl)methanone""}"
claim,C-MDMB-4EN-PINACA-IDENTITY,mdmb-4en-pinaca,identity,scientific,2,NEEDS_REVIEW,C,SRC-PUBCHEM-155804661,,https://pubchem.ncbi.nlm.nih.gov/compound/155804661,Computed Properties,openReuse,,"{""pubchem_cid"": 155804661, ""molecular_formula"": ""C20H27N3O3"", ""molecular_weight"": ""357.4"", ""inchikey"": ""LWOCBHBFWNGPGM-QGZVFWFLSA-N"", ""iupac_name"": ""methyl (2S)-3,3-dimethyl-2-[(1-pent-4-enylindazole-3-carbonyl)amino]butanoate""}"
claim,C-ADB-BUTINACA-IDENTITY,adb-butinaca,identity,scientific,2,NEEDS_REVIEW,C,SRC-PUBCHEM-155907792,,https://pubchem.ncbi.nlm.nih.gov/compound/155907792,Computed Properties,openReuse,,"{""pubchem_cid"": 155907792, ""molecular_formula"": ""C18H26N4O2"", ""molecular_weight"": ""330.4"", ""inchikey"": ""GPWADXHYJAZPAX-OAHLLOKOSA-N"", ""iupac_name"": ""N-[(2S)-1-amino-3,3-dimethyl-1-oxobutan-2-yl]-1-butylindazole-3-carboxamide""}"
claim,C-KETAMINE-IDENTITY,ketamine,identity,scientific,2,NEEDS_REVIEW,C,SRC-PUBCHEM-3821,,https://pubchem.ncbi.nlm.nih.gov/compound/3821,Computed Properties,openReuse,,"{""pubchem_cid"": 3821, ""molecular_formula"": ""C13H16ClNO"", ""molecular_weight"": ""237.72"", ""inchikey"": ""YQEZLKZALYSWHR-UHFFFAOYSA-N"", ""iupac_name"": ""2-(2-chlorophenyl)-2-(methylamino)cyclohexan-1-one""}"
claim,C-PCP-IDENTITY,pcp,identity,scientific,2,NEEDS_REVIEW,C,SRC-PUBCHEM-6468,,https://pubchem.ncbi.nlm.nih.gov/compound/6468,Computed Properties,openReuse,,"{""pubchem_cid"": 6468, ""molecular_formula"": ""C17H25N"", ""molecular_weight"": ""243.4"", ""inchikey"": ""JTJMJGYZQZDUJJ-UHFFFAOYSA-N"", ""iupac_name"": ""1-(1-phenylcyclohexyl)piperidine""}"
claim,C-LSD-IDENTITY,lsd,identity,scientific,2,NEEDS_REVIEW,C,SRC-PUBCHEM-5761,,https://pubchem.ncbi.nlm.nih.gov/compound/5761,Computed Properties,openReuse,,"{""pubchem_cid"": 5761, ""molecular_formula"": ""C20H25N3O"", ""molecular_weight"": ""323.4"", ""inchikey"": ""VAYOSLLFUXYJDT-RDTXWAMCSA-N"", ""iupac_name"": ""(6aR,9R)-N,N-diethyl-7-methyl-6,6a,8,9-tetrahydro-4H-indolo[4,3-fg]quinoline-9-carboxamide""}"
claim,C-PSILOCYBIN-IDENTITY,psilocybin,identity,scientific,2,NEEDS_REVIEW,C,SRC-PUBCHEM-10624,,https://pubchem.ncbi.nlm.nih.gov/compound/10624,Computed Properties,openReuse,,"{""pubchem_cid"": 10624, ""molecular_formula"": ""C12H17N2O4P"", ""molecular_weight"": ""284.25"", ""inchikey"": ""QVDSEJDULKLHCG-UHFFFAOYSA-N"", ""iupac_name"": ""[3-[2-(dimethylamino)ethyl]-1H-indol-4-yl] dihydrogen phosphate""}"
claim,C-GHB-IDENTITY,ghb,identity,scientific,2,NEEDS_REVIEW,C,SRC-PUBCHEM-10413,,https://pubchem.ncbi.nlm.nih.gov/compound/10413,Computed Properties,openReuse,,"{""pubchem_cid"": 10413, ""molecular_formula"": ""C4H8O3"", ""molecular_weight"": ""104.10"", ""inchikey"": ""SJZRECIVHVDYJC-UHFFFAOYSA-N"", ""iupac_name"": ""4-hydroxybutanoic acid""}"
claim,C-2C-B-IDENTITY,2c-b,identity,scientific,2,NEEDS_REVIEW,C,SRC-PUBCHEM-98527,,https://pubchem.ncbi.nlm.nih.gov/compound/98527,Computed Properties,openReuse,,"{""pubchem_cid"": 98527, ""molecular_formula"": ""C10H14BrNO2"", ""molecular_weight"": ""260.13"", ""inchikey"": ""YMHOBZXQZVXHBM-UHFFFAOYSA-N"", ""iupac_name"": ""2-(4-bromo-2,5-dimethoxyphenyl)ethanamine""}"
claim,C-DIAZEPAM-IDENTITY,diazepam,identity,scientific,2,NEEDS_REVIEW,C,SRC-PUBCHEM-3016,,https://pubchem.ncbi.nlm.nih.gov/compound/3016,Computed Properties,openReuse,,"{""pubchem_cid"": 3016, ""molecular_formula"": ""C16H13ClN2O"", ""molecular_weight"": ""284.74"", ""inchikey"": ""AAOVKJBEBIDNHE-UHFFFAOYSA-N"", ""iupac_name"": ""7-chloro-1-methyl-5-phenyl-3H-1,4-benzodiazepin-2-one""}"
claim,C-NORDIAZEPAM-IDENTITY,nordiazepam,identity,scientific,2,NEEDS_REVIEW,C,SRC-PUBCHEM-2997,,https://pubchem.ncbi.nlm.nih.gov/compound/2997,Computed Properties,openReuse,,"{""pubchem_cid"": 2997, ""molecular_formula"": ""C15H11ClN2O"", ""molecular_weight"": ""270.71"", ""inchikey"": ""AKPLHCDWDRPJGD-UHFFFAOYSA-N"", ""iupac_name"": ""7-chloro-5-phenyl-1,3-dihydro-1,4-benzodiazepin-2-one""}"
claim,C-OXAZEPAM-IDENTITY,oxazepam,identity,scientific,2,NEEDS_REVIEW,C,SRC-PUBCHEM-4616,,https://pubchem.ncbi.nlm.nih.gov/compound/4616,Computed Properties,openReuse,,"{""pubchem_cid"": 4616, ""molecular_formula"": ""C15H11ClN2O2"", ""molecular_weight"": ""286.71"", ""inchikey"": ""ADIMAYPTOBDMTL-UHFFFAOYSA-N"", ""iupac_name"": ""7-chloro-3-hydroxy-5-phenyl-1,3-dihydro-1,4-benzodiazepin-2-one""}"
claim,C-TEMAZEPAM-IDENTITY,temazepam,identity,scientific,2,NEEDS_REVIEW,C,SRC-PUBCHEM-5391,,https://pubchem.ncbi.nlm.nih.gov/compound/5391,Computed Properties,openReuse,,"{""pubchem_cid"": 5391, ""molecular_formula"": ""C16H13ClN2O2"", ""molecular_weight"": ""300.74"", ""inchikey"": ""SEQDDYPDSLOBDC-UHFFFAOYSA-N"", ""iupac_name"": ""7-chloro-3-hydroxy-1-methyl-5-phenyl-3H-1,4-benzodiazepin-2-one""}"
claim,C-LORAZEPAM-IDENTITY,lorazepam,identity,scientific,2,NEEDS_REVIEW,C,SRC-PUBCHEM-3958,,https://pubchem.ncbi.nlm.nih.gov/compound/3958,Computed Properties,openReuse,,"{""pubchem_cid"": 3958, ""molecular_formula"": ""C15H10Cl2N2O2"", ""molecular_weight"": ""321.2"", ""inchikey"": ""DIWRORZWFLOCLC-UHFFFAOYSA-N"", ""iupac_name"": ""7-chloro-5-(2-chlorophenyl)-3-hydroxy-1,3-dihydro-1,4-benzodiazepin-2-one""}"
claim,C-CLONAZEPAM-IDENTITY,clonazepam,identity,scientific,2,NEEDS_REVIEW,C,SRC-PUBCHEM-2802,,https://pubchem.ncbi.nlm.nih.gov/compound/2802,Computed Properties,openReuse,,"{""pubchem_cid"": 2802, ""molecular_formula"": ""C15H10ClN3O3"", ""molecular_weight"": ""315.71"", ""inchikey"": ""DGBIGWXXNGSACT-UHFFFAOYSA-N"", ""iupac_name"": ""5-(2-chlorophenyl)-7-nitro-1,3-dihydro-1,4-benzodiazepin-2-one""}"
claim,C-7-AMINOCLONAZEPAM-IDENTITY,7-aminoclonazepam,identity,scientific,2,NEEDS_REVIEW,C,SRC-PUBCHEM-188298,,https://pubchem.ncbi.nlm.nih.gov/compound/188298,Computed Properties,openReuse,,"{""pubchem_cid"": 188298, ""molecular_formula"": ""C15H12ClN3O"", ""molecular_weight"": ""285.73"", ""inchikey"": ""HEFRPWRJTGLSSV-UHFFFAOYSA-N"", ""iupac_name"": ""7-amino-5-(2-chlorophenyl)-1,3-dihydro-1,4-benzodiazepin-2-one""}"
claim,C-MIDAZOLAM-IDENTITY,midazolam,identity,scientific,2,NEEDS_REVIEW,C,SRC-PUBCHEM-4192,,https://pubchem.ncbi.nlm.nih.gov/compound/4192,Computed Properties,openReuse,,"{""pubchem_cid"": 4192, ""molecular_formula"": ""C18H13ClFN3"", ""molecular_weight"": ""325.8"", ""inchikey"": ""DDLIGBOFAVUZHB-UHFFFAOYSA-N"", ""iupac_name"": ""8-chloro-6-(2-fluorophenyl)-1-methyl-4H-imidazo[1,5-a][1,4]benzodiazepine""}"
claim,C-FLUNITRAZEPAM-IDENTITY,flunitrazepam,identity,scientific,2,NEEDS_REVIEW,C,SRC-PUBCHEM-3380,,https://pubchem.ncbi.nlm.nih.gov/compound/3380,Computed Properties,openReuse,,"{""pubchem_cid"": 3380, ""molecular_formula"": ""C16H12FN3O3"", ""molecular_weight"": ""313.28"", ""inchikey"": ""PPTYJKAXVCCBDU-UHFFFAOYSA-N"", ""iupac_name"": ""5-(2-fluorophenyl)-1-methyl-7-nitro-3H-1,4-benzodiazepin-2-one""}"
claim,C-ETIZOLAM-IDENTITY,etizolam,identity,scientific,2,NEEDS_REVIEW,C,SRC-PUBCHEM-3307,,https://pubchem.ncbi.nlm.nih.gov/compound/3307,Computed Properties,openReuse,,"{""pubchem_cid"": 3307, ""molecular_formula"": ""C17H15ClN4S"", ""molecular_weight"": ""342.8"", ""inchikey"": ""VMZUTJCNQWMAGF-UHFFFAOYSA-N"", ""iupac_name"": ""7-(2-chlorophenyl)-4-ethyl-13-methyl-3-thia-1,8,11,12-tetrazatricyclo[8.3.0.02,6]trideca-2(6),4,7,10,12-pentaene""}"
claim,C-BROMAZOLAM-IDENTITY,bromazolam,identity,scientific,2,NEEDS_REVIEW,C,SRC-PUBCHEM-12562546,,https://pubchem.ncbi.nlm.nih.gov/compound/12562546,Computed Properties,openReuse,,"{""pubchem_cid"": 12562546, ""molecular_formula"": ""C17H13BrN4"", ""molecular_weight"": ""353.2"", ""inchikey"": ""KCEIOBKDDQAYCM-UHFFFAOYSA-N"", ""iupac_name"": ""8-bromo-1-methyl-6-phenyl-4H-[1,2,4]triazolo[4,3-a][1,4]benzodiazepine""}"
claim,C-FLUALPRAZOLAM-IDENTITY,flualprazolam,identity,scientific,2,NEEDS_REVIEW,C,SRC-PUBCHEM-10359044,,https://pubchem.ncbi.nlm.nih.gov/compound/10359044,Computed Properties,openReuse,,"{""pubchem_cid"": 10359044, ""molecular_formula"": ""C17H12ClFN4"", ""molecular_weight"": ""326.8"", ""inchikey"": ""MPZVLJCMGPYWQQ-UHFFFAOYSA-N"", ""iupac_name"": ""8-chloro-6-(2-fluorophenyl)-1-methyl-4H-[1,2,4]triazolo[4,3-a][1,4]benzodiazepine""}"
claim,C-ZOLPIDEM-IDENTITY,zolpidem,identity,scientific,2,NEEDS_REVIEW,C,SRC-PUBCHEM-5732,,https://pubchem.ncbi.nlm.nih.gov/compound/5732,Computed Properties,openReuse,,"{""pubchem_cid"": 5732, ""molecular_formula"": ""C19H21N3O"", ""molecular_weight"": ""307.4"", ""inchikey"": ""ZAFYATHCZYHLPB-UHFFFAOYSA-N"", ""iupac_name"": ""N,N-dimethyl-2-[6-methyl-2-(4-methylphenyl)imidazo[1,2-a]pyridin-3-yl]acetamide""}"
claim,C-ZOPICLONE-IDENTITY,zopiclone,identity,scientific,2,NEEDS_REVIEW,C,SRC-PUBCHEM-5735,,https://pubchem.ncbi.nlm.nih.gov/compound/5735,Computed Properties,openReuse,,"{""pubchem_cid"": 5735, ""molecular_formula"": ""C17H17ClN6O3"", ""molecular_weight"": ""388.8"", ""inchikey"": ""GBBSUAFBMRNDJC-UHFFFAOYSA-N"", ""iupac_name"": ""[6-(5-chloro-2-pyridinyl)-5-oxo-7H-pyrrolo[3,4-b]pyrazin-7-yl] 4-methylpiperazine-1-carboxylate""}"
claim,C-PHENOBARBITAL-IDENTITY,phenobarbital,identity,scientific,2,NEEDS_REVIEW,C,SRC-PUBCHEM-4763,,https://pubchem.ncbi.nlm.nih.gov/compound/4763,Computed Properties,openReuse,,"{""pubchem_cid"": 4763, ""molecular_formula"": ""C12H12N2O3"", ""molecular_weight"": ""232.23"", ""inchikey"": ""DDBREPKUVSBGFI-UHFFFAOYSA-N"", ""iupac_name"": ""5-ethyl-5-phenyl-1,3-diazinane-2,4,6-trione""}"
claim,C-PENTOBARBITAL-IDENTITY,pentobarbital,identity,scientific,2,NEEDS_REVIEW,C,SRC-PUBCHEM-4737,,https://pubchem.ncbi.nlm.nih.gov/compound/4737,Computed Properties,openReuse,,"{""pubchem_cid"": 4737, ""molecular_formula"": ""C11H18N2O3"", ""molecular_weight"": ""226.27"", ""inchikey"": ""WEXRUCMBJFQVBZ-UHFFFAOYSA-N"", ""iupac_name"": ""5-ethyl-5-pentan-2-yl-1,3-diazinane-2,4,6-trione""}"
claim,C-SECOBARBITAL-IDENTITY,secobarbital,identity,scientific,2,NEEDS_REVIEW,C,SRC-PUBCHEM-5193,,https://pubchem.ncbi.nlm.nih.gov/compound/5193,Computed Properties,openReuse,,"{""pubchem_cid"": 5193, ""molecular_formula"": ""C12H18N2O3"", ""molecular_weight"": ""238.28"", ""inchikey"": ""KQPKPCNLIDLUMF-UHFFFAOYSA-N"", ""iupac_name"": ""5-pentan-2-yl-5-prop-2-enyl-1,3-diazinane-2,4,6-trione""}"
claim,C-BUTALBITAL-IDENTITY,butalbital,identity,scientific,2,NEEDS_REVIEW,C,SRC-PUBCHEM-2481,,https://pubchem.ncbi.nlm.nih.gov/compound/2481,Computed Properties,openReuse,,"{""pubchem_cid"": 2481, ""molecular_formula"": ""C11H16N2O3"", ""molecular_weight"": ""224.26"", ""inchikey"": ""UZVHFVZFNXBMQJ-UHFFFAOYSA-N"", ""iupac_name"": ""5-(2-methylpropyl)-5-prop-2-enyl-1,3-diazinane-2,4,6-trione""}"
claim,C-NORTRIPTYLINE-IDENTITY,nortriptyline,identity,scientific,2,NEEDS_REVIEW,C,SRC-PUBCHEM-4543,,https://pubchem.ncbi.nlm.nih.gov/compound/4543,Computed Properties,openReuse,,"{""pubchem_cid"": 4543, ""molecular_formula"": ""C19H21N"", ""molecular_weight"": ""263.4"", ""inchikey"": ""PHVGLTMQBUFIQQ-UHFFFAOYSA-N"", ""iupac_name"": ""N-methyl-3-(2-tricyclo[9.4.0.03,8]pentadeca-1(15),3,5,7,11,13-hexaenylidene)propan-1-amine""}"
claim,C-IMIPRAMINE-IDENTITY,imipramine,identity,scientific,2,NEEDS_REVIEW,C,SRC-PUBCHEM-3696,,https://pubchem.ncbi.nlm.nih.gov/compound/3696,Computed Properties,openReuse,,"{""pubchem_cid"": 3696, ""molecular_formula"": ""C19H24N2"", ""molecular_weight"": ""280.4"", ""inchikey"": ""BCGWQEUPMDMJNV-UHFFFAOYSA-N"", ""iupac_name"": ""3-(5,6-dihydrobenzo[b][1]benzazepin-11-yl)-N,N-dimethylpropan-1-amine""}"
claim,C-DOXEPIN-IDENTITY,doxepin,identity,scientific,2,NEEDS_REVIEW,C,SRC-PUBCHEM-3158,,https://pubchem.ncbi.nlm.nih.gov/compound/3158,Computed Properties,openReuse,,"{""pubchem_cid"": 3158, ""molecular_formula"": ""C19H21NO"", ""molecular_weight"": ""279.4"", ""inchikey"": ""ODQWQRRAPPTVAG-UHFFFAOYSA-N"", ""iupac_name"": ""3-(6H-benzo[c][1]benzoxepin-11-ylidene)-N,N-dimethylpropan-1-amine""}"
claim,C-CITALOPRAM-IDENTITY,citalopram,identity,scientific,2,NEEDS_REVIEW,C,SRC-PUBCHEM-2771,,https://pubchem.ncbi.nlm.nih.gov/compound/2771,Computed Properties,openReuse,,"{""pubchem_cid"": 2771, ""molecular_formula"": ""C20H21FN2O"", ""molecular_weight"": ""324.4"", ""inchikey"": ""WSEQXVZVJXJVFP-UHFFFAOYSA-N"", ""iupac_name"": ""1-[3-(dimethylamino)propyl]-1-(4-fluorophenyl)-3H-2-benzofuran-5-carbonitrile""}"
claim,C-SERTRALINE-IDENTITY,sertraline,identity,scientific,2,NEEDS_REVIEW,C,SRC-PUBCHEM-68617,,https://pubchem.ncbi.nlm.nih.gov/compound/68617,Computed Properties,openReuse,,"{""pubchem_cid"": 68617, ""molecular_formula"": ""C17H17Cl2N"", ""molecular_weight"": ""306.2"", ""inchikey"": ""VGKDLMBJGBXTGI-SJCJKPOMSA-N"", ""iupac_name"": ""(1S,4S)-4-(3,4-dichlorophenyl)-N-methyl-1,2,3,4-tetrahydronaphthalen-1-amine""}"
claim,C-FLUOXETINE-IDENTITY,fluoxetine,identity,scientific,2,NEEDS_REVIEW,C,SRC-PUBCHEM-3386,,https://pubchem.ncbi.nlm.nih.gov/compound/3386,Computed Properties,openReuse,,"{""pubchem_cid"": 3386, ""molecular_formula"": ""C17H18F3NO"", ""molecular_weight"": ""309.33"", ""inchikey"": ""RTHCYVBBDHJXIQ-UHFFFAOYSA-N"", ""iupac_name"": ""N-methyl-3-phenyl-3-[4-(trifluoromethyl)phenoxy]propan-1-amine""}"
claim,C-VENLAFAXINE-IDENTITY,venlafaxine,identity,scientific,2,NEEDS_REVIEW,C,SRC-PUBCHEM-5656,,https://pubchem.ncbi.nlm.nih.gov/compound/5656,Computed Properties,openReuse,,"{""pubchem_cid"": 5656, ""molecular_formula"": ""C17H27NO2"", ""molecular_weight"": ""277.4"", ""inchikey"": ""PNVNVHUZROJLTJ-UHFFFAOYSA-N"", ""iupac_name"": ""1-[2-(dimethylamino)-1-(4-methoxyphenyl)ethyl]cyclohexan-1-ol""}"
claim,C-MIRTAZAPINE-IDENTITY,mirtazapine,identity,scientific,2,NEEDS_REVIEW,C,SRC-PUBCHEM-4205,,https://pubchem.ncbi.nlm.nih.gov/compound/4205,Computed Properties,openReuse,,"{""pubchem_cid"": 4205, ""molecular_formula"": ""C17H19N3"", ""molecular_weight"": ""265.35"", ""inchikey"": ""RONZAEMNMFQXRA-UHFFFAOYSA-N"", ""iupac_name"": ""5-methyl-2,5,19-triazatetracyclo[13.4.0.02,7.08,13]nonadeca-1(15),8,10,12,16,18-hexaene""}"
claim,C-TRAZODONE-IDENTITY,trazodone,identity,scientific,2,NEEDS_REVIEW,C,SRC-PUBCHEM-5533,,https://pubchem.ncbi.nlm.nih.gov/compound/5533,Computed Properties,openReuse,,"{""pubchem_cid"": 5533, ""molecular_formula"": ""C19H22ClN5O"", ""molecular_weight"": ""371.9"", ""inchikey"": ""PHLBKPHSAVXXEF-UHFFFAOYSA-N"", ""iupac_name"": ""2-[3-[4-(3-chlorophenyl)piperazin-1-yl]propyl]-[1,2,4]triazolo[4,3-a]pyridin-3-one""}"
claim,C-BUPROPION-IDENTITY,bupropion,identity,scientific,2,NEEDS_REVIEW,C,SRC-PUBCHEM-444,,https://pubchem.ncbi.nlm.nih.gov/compound/444,Computed Properties,openReuse,,"{""pubchem_cid"": 444, ""molecular_formula"": ""C13H18ClNO"", ""molecular_weight"": ""239.74"", ""inchikey"": ""SNPPWIUOZRMYNY-UHFFFAOYSA-N"", ""iupac_name"": ""2-(tert-butylamino)-1-(3-chlorophenyl)propan-1-one""}"
claim,C-OLANZAPINE-IDENTITY,olanzapine,identity,scientific,2,NEEDS_REVIEW,C,SRC-PUBCHEM-135398745,,https://pubchem.ncbi.nlm.nih.gov/compound/135398745,Computed Properties,openReuse,,"{""pubchem_cid"": 135398745, ""molecular_formula"": ""C17H20N4S"", ""molecular_weight"": ""312.4"", ""inchikey"": ""KVWDHTXUZHCGIO-UHFFFAOYSA-N"", ""iupac_name"": ""2-methyl-4-(4-methylpiperazin-1-yl)-10H-thieno[2,3-b][1,5]benzodiazepine""}"
claim,C-QUETIAPINE-IDENTITY,quetiapine,identity,scientific,2,NEEDS_REVIEW,C,SRC-PUBCHEM-5002,,https://pubchem.ncbi.nlm.nih.gov/compound/5002,Computed Properties,openReuse,,"{""pubchem_cid"": 5002, ""molecular_formula"": ""C21H25N3O2S"", ""molecular_weight"": ""383.5"", ""inchikey"": ""URKOMYMAXPYINW-UHFFFAOYSA-N"", ""iupac_name"": ""2-[2-(4-benzo[b][1,4]benzothiazepin-6-ylpiperazin-1-yl)ethoxy]ethanol""}"
claim,C-CLOZAPINE-IDENTITY,clozapine,identity,scientific,2,NEEDS_REVIEW,C,SRC-PUBCHEM-135398737,,https://pubchem.ncbi.nlm.nih.gov/compound/135398737,Computed Properties,openReuse,,"{""pubchem_cid"": 135398737, ""molecular_formula"": ""C18H19ClN4"", ""molecular_weight"": ""326.8"", ""inchikey"": ""QZUDBNBUXVUHMW-UHFFFAOYSA-N"", ""iupac_name"": ""3-chloro-6-(4-methylpiperazin-1-yl)-11H-benzo[b][1,4]benzodiazepine""}"
claim,C-HALOPERIDOL-IDENTITY,haloperidol,identity,scientific,2,NEEDS_REVIEW,C,SRC-PUBCHEM-3559,,https://pubchem.ncbi.nlm.nih.gov/compound/3559,Computed Properties,openReuse,,"{""pubchem_cid"": 3559, ""molecular_formula"": ""C21H23ClFNO2"", ""molecular_weight"": ""375.9"", ""inchikey"": ""LNEPOXFFQSENCJ-UHFFFAOYSA-N"", ""iupac_name"": ""4-[4-(4-chlorophenyl)-4-hydroxypiperidin-1-yl]-1-(4-fluorophenyl)butan-1-one""}"
claim,C-RISPERIDONE-IDENTITY,risperidone,identity,scientific,2,NEEDS_REVIEW,C,SRC-PUBCHEM-5073,,https://pubchem.ncbi.nlm.nih.gov/compound/5073,Computed Properties,openReuse,,"{""pubchem_cid"": 5073, ""molecular_formula"": ""C23H27FN4O2"", ""molecular_weight"": ""410.5"", ""inchikey"": ""RAPZEAPATHNIPO-UHFFFAOYSA-N"", ""iupac_name"": ""3-[2-[4-(6-fluoro-1,2-benzoxazol-3-yl)piperidin-1-yl]ethyl]-2-methyl-6,7,8,9-tetrahydropyrido[1,2-a]pyrimidin-4-one""}"
claim,C-CHLORPROMAZINE-IDENTITY,chlorpromazine,identity,scientific,2,NEEDS_REVIEW,C,SRC-PUBCHEM-2726,,https://pubchem.ncbi.nlm.nih.gov/compound/2726,Computed Properties,openReuse,,"{""pubchem_cid"": 2726, ""molecular_formula"": ""C17H19ClN2S"", ""molecular_weight"": ""318.9"", ""inchikey"": ""ZPEIMTDSQAKGNT-UHFFFAOYSA-N"", ""iupac_name"": ""3-(2-chlorophenothiazin-10-yl)-N,N-dimethylpropan-1-amine""}"
claim,C-CARBAMAZEPINE-IDENTITY,carbamazepine,identity,scientific,2,NEEDS_REVIEW,C,SRC-PUBCHEM-2554,,https://pubchem.ncbi.nlm.nih.gov/compound/2554,Computed Properties,openReuse,,"{""pubchem_cid"": 2554, ""molecular_formula"": ""C15H12N2O"", ""molecular_weight"": ""236.27"", ""inchikey"": ""FFGPTBGBLSHEPO-UHFFFAOYSA-N"", ""iupac_name"": ""benzo[b][1]benzazepine-11-carboxamide""}"
claim,C-VALPROIC-ACID-IDENTITY,valproic-acid,identity,scientific,2,NEEDS_REVIEW,C,SRC-PUBCHEM-3121,,https://pubchem.ncbi.nlm.nih.gov/compound/3121,Computed Properties,openReuse,,"{""pubchem_cid"": 3121, ""molecular_formula"": ""C8H16O2"", ""molecular_weight"": ""144.21"", ""inchikey"": ""NIJJYAXOARWZEE-UHFFFAOYSA-N"", ""iupac_name"": ""2-propylpentanoic acid""}"
claim,C-LAMOTRIGINE-IDENTITY,lamotrigine,identity,scientific,2,NEEDS_REVIEW,C,SRC-PUBCHEM-3878,,https://pubchem.ncbi.nlm.nih.gov/compound/3878,Computed Properties,openReuse,,"{""pubchem_cid"": 3878, ""molecular_formula"": ""C9H7Cl2N5"", ""molecular_weight"": ""256.09"", ""inchikey"": ""PYZRQGJRPPTADH-UHFFFAOYSA-N"", ""iupac_name"": ""6-(2,3-dichlorophenyl)-1,2,4-triazine-3,5-diamine""}"
claim,C-PHENYTOIN-IDENTITY,phenytoin,identity,scientific,2,NEEDS_REVIEW,C,SRC-PUBCHEM-1775,,https://pubchem.ncbi.nlm.nih.gov/compound/1775,Computed Properties,openReuse,,"{""pubchem_cid"": 1775, ""molecular_formula"": ""C15H12N2O2"", ""molecular_weight"": ""252.27"", ""inchikey"": ""CXOFVDLJLONNDW-UHFFFAOYSA-N"", ""iupac_name"": ""5,5-diphenylimidazolidine-2,4-dione""}"
claim,C-GABAPENTIN-IDENTITY,gabapentin,identity,scientific,2,NEEDS_REVIEW,C,SRC-PUBCHEM-3446,,https://pubchem.ncbi.nlm.nih.gov/compound/3446,Computed Properties,openReuse,,"{""pubchem_cid"": 3446, ""molecular_formula"": ""C9H17NO2"", ""molecular_weight"": ""171.24"", ""inchikey"": ""UGJMXCAKCUNAIE-UHFFFAOYSA-N"", ""iupac_name"": ""2-[1-(aminomethyl)cyclohexyl]acetic acid""}"
claim,C-SALICYLIC-ACID-IDENTITY,salicylic-acid,identity,scientific,2,NEEDS_REVIEW,C,SRC-PUBCHEM-338,,https://pubchem.ncbi.nlm.nih.gov/compound/338,Computed Properties,openReuse,,"{""pubchem_cid"": 338, ""molecular_formula"": ""C7H6O3"", ""molecular_weight"": ""138.12"", ""inchikey"": ""YGSDEFSMJLZEOE-UHFFFAOYSA-N"", ""iupac_name"": ""2-hydroxybenzoic acid""}"
claim,C-IBUPROFEN-IDENTITY,ibuprofen,identity,scientific,2,NEEDS_REVIEW,C,SRC-PUBCHEM-3672,,https://pubchem.ncbi.nlm.nih.gov/compound/3672,Computed Properties,openReuse,,"{""pubchem_cid"": 3672, ""molecular_formula"": ""C13H18O2"", ""molecular_weight"": ""206.28"", ""inchikey"": ""HEFNNWSXXWATRW-UHFFFAOYSA-N"", ""iupac_name"": ""2-[4-(2-methylpropyl)phenyl]propanoic acid""}"
claim,C-DIPHENHYDRAMINE-IDENTITY,diphenhydramine,identity,scientific,2,NEEDS_REVIEW,C,SRC-PUBCHEM-3100,,https://pubchem.ncbi.nlm.nih.gov/compound/3100,Computed Properties,openReuse,,"{""pubchem_cid"": 3100, ""molecular_formula"": ""C17H21NO"", ""molecular_weight"": ""255.35"", ""inchikey"": ""ZZVUWRFHKOJYTH-UHFFFAOYSA-N"", ""iupac_name"": ""2-benzhydryloxy-N,N-dimethylethanamine""}"
claim,C-DIGOXIN-IDENTITY,digoxin,identity,scientific,2,NEEDS_REVIEW,C,SRC-PUBCHEM-2724385,,https://pubchem.ncbi.nlm.nih.gov/compound/2724385,Computed Properties,openReuse,,"{""pubchem_cid"": 2724385, ""molecular_formula"": ""C41H64O14"", ""molecular_weight"": ""780.9"", ""inchikey"": ""LTMHDMANZUZIPE-PUGKRICDSA-N"", ""iupac_name"": ""3-[(3S,5R,8R,9S,10S,12R,13S,14S,17R)-3-[(2R,4S,5S,6R)-5-[(2S,4S,5S,6R)-5-[(2S,4S,5S,6R)-4,5-dihydroxy-6-methyloxan-2-yl]oxy-4-hydroxy-6-methyloxan-2-yl]oxy-4-hydroxy-6-methyloxan-2-yl]oxy-12,14-dihydroxy-10,13-dimethyl-1,2,3,4,5,6,7,8,9,11,12,15,16,17-tetradecahydrocyclopenta[a]phenanthren-17-yl]-2H-furan-5-one""}"
claim,C-METFORMIN-IDENTITY,metformin,identity,scientific,2,NEEDS_REVIEW,C,SRC-PUBCHEM-4091,,https://pubchem.ncbi.nlm.nih.gov/compound/4091,Computed Properties,openReuse,,"{""pubchem_cid"": 4091, ""molecular_formula"": ""C4H11N5"", ""molecular_weight"": ""129.16"", ""inchikey"": ""XZWYZXLIPXDOLR-UHFFFAOYSA-N"", ""iupac_name"": ""3-(diaminomethylidene)-1,1-dimethylguanidine""}"
claim,C-PROPRANOLOL-IDENTITY,propranolol,identity,scientific,2,NEEDS_REVIEW,C,SRC-PUBCHEM-4946,,https://pubchem.ncbi.nlm.nih.gov/compound/4946,Computed Properties,openReuse,,"{""pubchem_cid"": 4946, ""molecular_formula"": ""C16H21NO2"", ""molecular_weight"": ""259.34"", ""inchikey"": ""AQHHHDLHHXJYJD-UHFFFAOYSA-N"", ""iupac_name"": ""1-naphthalen-1-yloxy-3-(propan-2-ylamino)propan-2-ol""}"
claim,C-VERAPAMIL-IDENTITY,verapamil,identity,scientific,2,NEEDS_REVIEW,C,SRC-PUBCHEM-2520,,https://pubchem.ncbi.nlm.nih.gov/compound/2520,Computed Properties,openReuse,,"{""pubchem_cid"": 2520, ""molecular_formula"": ""C27H38N2O4"", ""molecular_weight"": ""454.6"", ""inchikey"": ""SGTNSNPWRIOYBX-UHFFFAOYSA-N"", ""iupac_name"": ""2-(3,4-dimethoxyphenyl)-5-[2-(3,4-dimethoxyphenyl)ethyl-methylamino]-2-propan-2-ylpentanenitrile""}"
claim,C-COLCHICINE-IDENTITY,colchicine,identity,scientific,2,NEEDS_REVIEW,C,SRC-PUBCHEM-6167,,https://pubchem.ncbi.nlm.nih.gov/compound/6167,Computed Properties,openReuse,,"{""pubchem_cid"": 6167, ""molecular_formula"": ""C22H25NO6"", ""molecular_weight"": ""399.4"", ""inchikey"": ""IAKHMKGGTNLKSZ-INIZCTEOSA-N"", ""iupac_name"": ""N-[(7S)-1,2,3,10-tetramethoxy-9-oxo-6,7-dihydro-5H-benzo[a]heptalen-7-yl]acetamide""}"
claim,C-LIDOCAINE-IDENTITY,lidocaine,identity,scientific,2,NEEDS_REVIEW,C,SRC-PUBCHEM-3676,,https://pubchem.ncbi.nlm.nih.gov/compound/3676,Computed Properties,openReuse,,"{""pubchem_cid"": 3676, ""molecular_formula"": ""C14H22N2O"", ""molecular_weight"": ""234.34"", ""inchikey"": ""NNJVILVZKWQKPM-UHFFFAOYSA-N"", ""iupac_name"": ""2-(diethylamino)-N-(2,6-dimethylphenyl)acetamide""}"
claim,C-XYLAZINE-IDENTITY,xylazine,identity,scientific,2,NEEDS_REVIEW,C,SRC-PUBCHEM-5707,,https://pubchem.ncbi.nlm.nih.gov/compound/5707,Computed Properties,openReuse,,"{""pubchem_cid"": 5707, ""molecular_formula"": ""C12H16N2S"", ""molecular_weight"": ""220.34"", ""inchikey"": ""BPICBUSOMSTKRF-UHFFFAOYSA-N"", ""iupac_name"": ""N-(2,6-dimethylphenyl)-5,6-dihydro-4H-1,3-thiazin-2-amine""}"
claim,C-LEVAMISOLE-IDENTITY,levamisole,identity,scientific,2,NEEDS_REVIEW,C,SRC-PUBCHEM-26879,,https://pubchem.ncbi.nlm.nih.gov/compound/26879,Computed Properties,openReuse,,"{""pubchem_cid"": 26879, ""molecular_formula"": ""C11H12N2S"", ""molecular_weight"": ""204.29"", ""inchikey"": ""HLFSDGLLUJUHTE-SNVBAGLBSA-N"", ""iupac_name"": ""(6S)-6-phenyl-2,3,5,6-tetrahydroimidazo[2,1-b][1,3]thiazole""}"
claim,C-PARAQUAT-IDENTITY,paraquat,identity,scientific,2,NEEDS_REVIEW,C,SRC-PUBCHEM-15939,,https://pubchem.ncbi.nlm.nih.gov/compound/15939,Computed Properties,openReuse,,"{""pubchem_cid"": 15939, ""molecular_formula"": ""C12H14N2+2"", ""molecular_weight"": ""186.25"", ""inchikey"": ""INFDPOAKFNIJBF-UHFFFAOYSA-N"", ""iupac_name"": ""1-methyl-4-(1-methylpyridin-1-ium-4-yl)pyridin-1-ium""}"
claim,C-GLYPHOSATE-IDENTITY,glyphosate,identity,scientific,2,NEEDS_REVIEW,C,SRC-PUBCHEM-3496,,https://pubchem.ncbi.nlm.nih.gov/compound/3496,Computed Properties,openReuse,,"{""pubchem_cid"": 3496, ""molecular_formula"": ""C3H8NO5P"", ""molecular_weight"": ""169.07"", ""inchikey"": ""XDDAORKBJWWYJS-UHFFFAOYSA-N"", ""iupac_name"": ""2-(phosphonomethylamino)acetic acid""}"
claim,C-DIAZINON-IDENTITY,diazinon,identity,scientific,2,NEEDS_REVIEW,C,SRC-PUBCHEM-3017,,https://pubchem.ncbi.nlm.nih.gov/compound/3017,Computed Properties,openReuse,,"{""pubchem_cid"": 3017, ""molecular_formula"": ""C12H21N2O3PS"", ""molecular_weight"": ""304.35"", ""inchikey"": ""FHIVAFMUCKRCQO-UHFFFAOYSA-N"", ""iupac_name"": ""diethoxy-(6-methyl-2-propan-2-ylpyrimidin-4-yl)oxy-sulfanylidene-lambda5-phosphane""}"
claim,C-MALATHION-IDENTITY,malathion,identity,scientific,2,NEEDS_REVIEW,C,SRC-PUBCHEM-4004,,https://pubchem.ncbi.nlm.nih.gov/compound/4004,Computed Properties,openReuse,,"{""pubchem_cid"": 4004, ""molecular_formula"": ""C10H19O6PS2"", ""molecular_weight"": ""330.4"", ""inchikey"": ""JXSJBGJIGXNWCI-UHFFFAOYSA-N"", ""iupac_name"": ""diethyl 2-dimethoxyphosphinothioylsulfanylbutanedioate""}"
claim,C-PARATHION-IDENTITY,parathion,identity,scientific,2,NEEDS_REVIEW,C,SRC-PUBCHEM-991,,https://pubchem.ncbi.nlm.nih.gov/compound/991,Computed Properties,openReuse,,"{""pubchem_cid"": 991, ""molecular_formula"": ""C10H14NO5PS"", ""molecular_weight"": ""291.26"", ""inchikey"": ""LCCNCVORNKJIRZ-UHFFFAOYSA-N"", ""iupac_name"": ""diethoxy-(4-nitrophenoxy)-sulfanylidene-lambda5-phosphane""}"
claim,C-CARBOFURAN-IDENTITY,carbofuran,identity,scientific,2,NEEDS_REVIEW,C,SRC-PUBCHEM-2566,,https://pubchem.ncbi.nlm.nih.gov/compound/2566,Computed Properties,openReuse,,"{""pubchem_cid"": 2566, ""molecular_formula"": ""C12H15NO3"", ""molecular_weight"": ""221.25"", ""inchikey"": ""DUEPRVBVGDRKAG-UHFFFAOYSA-N"", ""iupac_name"": ""(2,2-dimethyl-3H-1-benzofuran-7-yl) N-methylcarbamate""}"
claim,C-ALDICARB-IDENTITY,aldicarb,identity,scientific,2,NEEDS_REVIEW,C,SRC-PUBCHEM-9570071,,https://pubchem.ncbi.nlm.nih.gov/compound/9570071,Computed Properties,openReuse,,"{""pubchem_cid"": 9570071, ""molecular_formula"": ""C7H14N2O2S"", ""molecular_weight"": ""190.27"", ""inchikey"": ""QGLZXHRNAYXIBU-WEVVVXLNSA-N"", ""iupac_name"": ""[(E)-(2-methyl-2-methylsulfanylpropylidene)amino] N-methylcarbamate""}"
claim,C-STRYCHNINE-IDENTITY,strychnine,identity,scientific,2,NEEDS_REVIEW,C,SRC-PUBCHEM-441071,,https://pubchem.ncbi.nlm.nih.gov/compound/441071,Computed Properties,openReuse,,"{""pubchem_cid"": 441071, ""molecular_formula"": ""C21H22N2O2"", ""molecular_weight"": ""334.4"", ""inchikey"": ""QMGVPVSNSZLJIA-FVWCLLPLSA-N"", ""iupac_name"": ""(4aR,5aS,8aR,13aS,15aS,15bR)-4a,5,5a,7,8,13a,15,15a,15b,16-decahydro-2H-4,6-methanoindolo[3,2,1-ij]oxepino[2,3,4-de]pyrrolo[2,3-h]quinolin-14-one""}"
claim,C-BRODIFACOUM-IDENTITY,brodifacoum,identity,scientific,2,NEEDS_REVIEW,C,SRC-PUBCHEM-54680676,,https://pubchem.ncbi.nlm.nih.gov/compound/54680676,Computed Properties,openReuse,,"{""pubchem_cid"": 54680676, ""molecular_formula"": ""C31H23BrO3"", ""molecular_weight"": ""523.4"", ""inchikey"": ""VEUZZDOCACZPRY-UHFFFAOYSA-N"", ""iupac_name"": ""3-[3-[4-(4-bromophenyl)phenyl]-1,2,3,4-tetrahydronaphthalen-1-yl]-4-hydroxychromen-2-one""}"
claim,C-ARSENIC-TRIOXIDE-IDENTITY,arsenic-trioxide,identity,scientific,2,NEEDS_REVIEW,C,SRC-PUBCHEM-14888,,https://pubchem.ncbi.nlm.nih.gov/compound/14888,Computed Properties,openReuse,,"{""pubchem_cid"": 14888, ""molecular_formula"": ""As2O3"", ""molecular_weight"": ""197.841"", ""inchikey"": ""QTLQKAJBUDWPIB-UHFFFAOYSA-N"", ""iupac_name"": ""bis(arsenic(3+));tris(oxygen(2-))""}"
claim,C-THALLIUM-SULFATE-IDENTITY,thallium-sulfate,identity,scientific,2,NEEDS_REVIEW,C,SRC-PUBCHEM-24833,,https://pubchem.ncbi.nlm.nih.gov/compound/24833,Computed Properties,openReuse,,"{""pubchem_cid"": 24833, ""molecular_formula"": ""O4STl2"", ""molecular_weight"": ""504.83"", ""inchikey"": ""YTQVHRVITVLIRD-UHFFFAOYSA-L"", ""iupac_name"": ""bis(thallium(1+));sulfate""}"
claim,C-ETHANOL-METABOLISM_NOTE-P5,ethanol,metabolism_note,scientific,2,NEEDS_REVIEW,B,SRC-PMC3166768,10.1155/2011/213286,https://pmc.ncbi.nlm.nih.gov/articles/PMC3166768/,INTRO,openReuse,"Whether these effects are mediated by direct toxic effects of ethanol or its principal metabolite, acetaldehyde, has not yet been determined.","{""section"": ""INTRO""}"
claim,C-ETHANOL-ANALYTICAL_METHOD-P5,ethanol,analytical_method,analytical,2,NEEDS_REVIEW,C,SRC-PMC12793923,10.7759/cureus.99092,https://pmc.ncbi.nlm.nih.gov/articles/PMC12793923/,ABSTRACT,openReuse,Most used headspace gas chromatography with flame ionization detection (HS‑GC/FID) for ethanol; several incorporated liquid chromatography-tandem mass spectrometry (LC-MS/MS) for EtG/EtS.,"{""section"": ""ABSTRACT""}"
claim,C-METHANOL-ANALYTICAL_METHOD-P5,methanol,analytical_method,analytical,2,NEEDS_REVIEW,B,SRC-PMC5759182,10.1186/s12995-017-0184-3,https://pmc.ncbi.nlm.nih.gov/articles/PMC5759182/,ABSTRACT,openReuse,"Thereafter, ethanol, methanol, and formate concentrations were measured by headspace GC/FID.","{""section"": ""ABSTRACT""}"
claim,C-ISOPROPANOL-ANALYTICAL_METHOD-P5,isopropanol,analytical_method,analytical,2,NEEDS_REVIEW,B,SRC-PMC13214764,10.3390/jox16030080,https://pmc.ncbi.nlm.nih.gov/articles/PMC13214764/,INTRO,openReuse,"The aim of this study was to develop a method for the determination of methanol, acetone, ethanol, n-propanol, isopropanol, and n-butanol using headspace gas chromatography with dual columns and dual-flame ionization detectors.","{""section"": ""INTRO""}"
claim,C-ACETONE-ANALYTICAL_METHOD-P5,acetone,analytical_method,analytical,2,NEEDS_REVIEW,B,SRC-PMC12234996,10.1038/s41598-025-09494-x,https://pmc.ncbi.nlm.nih.gov/articles/PMC12234996/,METHODS,openReuse,"By means of headspace gas chromatography (HS-GC) with flame ionization detection (FID), the levels of ethanol, acetone, as well as isopropanol were ascertained.","{""section"": ""METHODS""}"
claim,C-ETHYLENE-GLYCOL-METABOLISM_NOTE-P5,ethylene-glycol,metabolism_note,scientific,2,NEEDS_REVIEW,B,SRC-PMC3279503,10.4021/jocmr525w,https://pmc.ncbi.nlm.nih.gov/articles/PMC3279503/,ABSTRACT,openReuse,Ethylene glycol is known to be metabolized to various metabolites and is ultimately converted to oxalate which results in crystal deposition the renal parenchyma causing renal failure.,"{""section"": ""ABSTRACT""}"
claim,C-ETHYLENE-GLYCOL-ANALYTICAL_METHOD-P5,ethylene-glycol,analytical_method,analytical,2,NEEDS_REVIEW,B,SRC-PMC11417905,10.3390/jox14030065,https://pmc.ncbi.nlm.nih.gov/articles/PMC11417905/,INTRO,openReuse,"From the literature review on the determination of ethylene glycol in biological material using GC–MS, it is apparent that only four authors have developed methods for the simultaneous determination of ethylene glycol and its metabolite, glycolic acid.","{""section"": ""INTRO""}"
claim,C-ETHYLENE-GLYCOL-REPORTED_CONCENTRATION-P5,ethylene-glycol,reported_concentration,scientific,2,NEEDS_REVIEW,B,SRC-PMC11417905,10.3390/jox14030065,https://pmc.ncbi.nlm.nih.gov/articles/PMC11417905/,INTRO,openReuse,"Among the non-fatal cases, ethylene glycol concentrations were as follows: 145–7060 μg/mL (blood), 40–10,700 μg/mL (serum), and 80.5–13,600 μg/mL (urine).","{""section"": ""INTRO"", ""specimen"": [""blood"", ""serum"", ""urine""], ""context"": ""postmortem / fatal cases"", ""not_a_threshold"": true}"
claim,C-DIETHYLENE-GLYCOL-ANALYTICAL_METHOD-P5,diethylene-glycol,analytical_method,analytical,2,NEEDS_REVIEW,B,SRC-PMC13197575,10.1093/jat/bkag013,https://pmc.ncbi.nlm.nih.gov/articles/PMC13197575/,ABSTRACT,openReuse,"This study describes the development and validation of a rapid gas chromatography–flame ionization detection (GC-FID) method for the simultaneous screening and quantification of methanol, ethanol, 2-propanol, acetone, ethylene glycol, diethylene glycol, 1,2-propylene glycol, and 1,3-propylene glycol in human plasma.","{""section"": ""ABSTRACT""}"
claim,C-TOLUENE-ANALYTICAL_METHOD-P5,toluene,analytical_method,analytical,2,NEEDS_REVIEW,B,SRC-PMC3539900,10.1186/1745-6673-7-24,https://pmc.ncbi.nlm.nih.gov/articles/PMC3539900/,METHODS,openReuse,"Prior to the analysis of toluene in blood from workers, the sealing performance of the headspace vial used in this study according to time lag from sampling to measurement was studied as follows.","{""section"": ""METHODS""}"
claim,C-CHLOROFORM-ANALYTICAL_METHOD-P5,chloroform,analytical_method,analytical,2,NEEDS_REVIEW,C,SRC-PMC9822528,10.7759/cureus.33430,https://pmc.ncbi.nlm.nih.gov/articles/PMC9822528/,INTRO,openReuse,"In the case report by Richeval et al., headspace gas chromatography-mass spectrometry (HS-GC/MS) and liquid chromatography-electrospray coupled tandem mass spectrometry methods were performed to detect drugs in the victim’s blood and the chloroform-scented scarf.","{""section"": ""INTRO""}"
claim,C-CHLOROFORM-REPORTED_CONCENTRATION-P5,chloroform,reported_concentration,scientific,2,NEEDS_REVIEW,C,SRC-PMC9822528,10.7759/cureus.33430,https://pmc.ncbi.nlm.nih.gov/articles/PMC9822528/,INTRO,openReuse,"In the case by Risse et al., only HS-GC/MS was performed, the results of which revealed a blood concentration of chloroform of 86 in one victim and 115 mg/L in another victim.","{""section"": ""INTRO"", ""specimen"": [""blood""], ""context"": ""case report / series (see source)"", ""not_a_threshold"": true}"
claim,C-DIFLUOROETHANE-METABOLISM_NOTE-P5,difluoroethane,metabolism_note,scientific,2,NEEDS_REVIEW,B,SRC-PMC7588963,10.3390/pharmaceutics12100997,https://pmc.ncbi.nlm.nih.gov/articles/PMC7588963/,INTRO,openReuse,"The toxicity is thought to be mediated by fluoroacetate, a metabolite of 1,2-difluoroethane but not of DFE.","{""section"": ""INTRO""}"
claim,C-CARBON-MONOXIDE-ANALYTICAL_METHOD-P5,carbon-monoxide,analytical_method,analytical,2,NEEDS_REVIEW,D,SRC-PMC8246848,10.1111/1556-4029.14649,https://pmc.ncbi.nlm.nih.gov/articles/PMC8246848/,ABSTRACT,openReuse,COHb was determined by spectrophotometry as recommended by Katsumata et al. in 1982.,"{""section"": ""ABSTRACT""}"
claim,C-HYDROGEN-CYANIDE-ANALYTICAL_METHOD-P5,hydrogen-cyanide,analytical_method,analytical,2,NEEDS_REVIEW,B,SRC-PMC8469058,10.3390/molecules26185638,https://pmc.ncbi.nlm.nih.gov/articles/PMC8469058/,ABSTRACT,openReuse,"One of the recently evolving methods for cyanide determination in body fluids is GC-MS, following extractive alkylation with pentafluorobenzyl bromide or pentafluorobenzyl p-toluenesulfonate.","{""section"": ""ABSTRACT""}"
claim,C-HYDROGEN-SULFIDE-ANALYTICAL_METHOD-P5,hydrogen-sulfide,analytical_method,analytical,2,NEEDS_REVIEW,B,SRC-PMC5390247,10.1038/srep46278,https://pmc.ncbi.nlm.nih.gov/articles/PMC5390247/,ABSTRACT,openReuse,"Here, we developed and validated a liquid chromatography- mass spectrometry (LC-MS/MS) method for the determination of hydrogen sulfide in various biological matrices by determination of a derivative of hydrogen sulfide and monobromobimane named sulfide dibimane (SDB).","{""section"": ""ABSTRACT""}"
claim,C-MORPHINE-METABOLISM_NOTE-P5,morphine,metabolism_note,scientific,2,NEEDS_REVIEW,C,SRC-PMC13460764,10.1002/pan.70227,https://pmc.ncbi.nlm.nih.gov/articles/PMC13460764/,INTRO,openReuse,"Breastmilk containing codeine is certainly metabolized to morphine through hepatic O‐demethylation (CYP2D6) in the neonate, but formation clearance is slow.","{""section"": ""INTRO""}"
claim,C-MORPHINE-ANALYTICAL_METHOD-P5,morphine,analytical_method,analytical,2,NEEDS_REVIEW,B,SRC-PMC8400298,10.3390/metabo11080557,https://pmc.ncbi.nlm.nih.gov/articles/PMC8400298/,RESULTS,openReuse,The liquid chromatography-tandem mass spectrometry (LC-MS/MS) screening confirmed the presence of morphine in all samples.,"{""section"": ""RESULTS""}"
claim,C-MORPHINE-REPORTED_CONCENTRATION-P5,morphine,reported_concentration,scientific,2,NEEDS_REVIEW,B,SRC-PMC7578170,10.1007/s00414-020-02412-y,https://pmc.ncbi.nlm.nih.gov/articles/PMC7578170/,RESULTS,openReuse,"5 depicts the concentration distributions of free morphine in the blood in morphine deaths without alcohol or benzodiazepines (Mo/N) (median 0.30 μg/ml), morphine and alcohol (Mo/A) (0.40 μg/ml), morphine and benzodiazepines (Mo/B) (0.53 μg/ml), or morphine, alcohol, and benzodiazepines (Mo/AB) (0.80 μg/ml).","{""section"": ""RESULTS"", ""specimen"": [""blood""], ""context"": ""postmortem / fatal cases"", ""not_a_threshold"": true}"
claim,C-CODEINE-METABOLISM_NOTE-P5,codeine,metabolism_note,scientific,2,NEEDS_REVIEW,C,SRC-PMC13460764,10.1002/pan.70227,https://pmc.ncbi.nlm.nih.gov/articles/PMC13460764/,INTRO,openReuse,"Most codeine undergoes glucuronidation (80%) to an inactive metabolite, codeine‐6‐glucuronide by the enzyme UGT2B7.","{""section"": ""INTRO""}"
claim,C-CODEINE-ANALYTICAL_METHOD-P5,codeine,analytical_method,analytical,2,NEEDS_REVIEW,D,SRC-PMC12846103,10.3390/toxics14010071,https://pmc.ncbi.nlm.nih.gov/articles/PMC12846103/,ABSTRACT,openReuse,"Post-mortem LC–MS/MS analysis revealed the presence of codeine (0.66 µg/mL), morphine (0.02 µg/mL), hydroxyzine (2.52 µg/mL), alprazolam (0.15 µg/mL), paracetamol (30.64 µg/mL), and additional substances in blood samples.","{""section"": ""ABSTRACT""}"
claim,C-CODEINE-REPORTED_CONCENTRATION-P5,codeine,reported_concentration,scientific,2,NEEDS_REVIEW,D,SRC-PMC12846103,10.3390/toxics14010071,https://pmc.ncbi.nlm.nih.gov/articles/PMC12846103/,ABSTRACT,openReuse,"Post-mortem LC–MS/MS analysis revealed the presence of codeine (0.66 µg/mL), morphine (0.02 µg/mL), hydroxyzine (2.52 µg/mL), alprazolam (0.15 µg/mL), paracetamol (30.64 µg/mL), and additional substances in blood samples.","{""section"": ""ABSTRACT"", ""specimen"": [""blood""], ""context"": ""postmortem / fatal cases"", ""not_a_threshold"": true}"
claim,C-HEROIN-METABOLISM_NOTE-P5,heroin,metabolism_note,scientific,2,NEEDS_REVIEW,C,SRC-PMC12567947,10.3390/toxics13100867,https://pmc.ncbi.nlm.nih.gov/articles/PMC12567947/,INTRO,openReuse,"While codeine is not a direct metabolite of DIM, it may appear in postmortem samples following the use of “street heroin,” which often contains 6-acetylcodeine (6-AC), a synthetic byproduct that converts to codeine in vivo.","{""section"": ""INTRO""}"
claim,C-HEROIN-ANALYTICAL_METHOD-P5,heroin,analytical_method,analytical,2,NEEDS_REVIEW,B,SRC-PMC7791828,10.1186/s12954-020-00457-1,https://pmc.ncbi.nlm.nih.gov/articles/PMC7791828/,METHODS,openReuse,"Screening for other compounds than diacetylmorphine, MAM, morphine, paracetamol and caffeine were performed on a G6550A ifunnel Q-ToF LC–MS system (Agilent, Waldbronn, Germany) equipped with a 1290 Infinity HPLC system.","{""section"": ""METHODS""}"
claim,C-6-MAM-METABOLISM_NOTE-P5,6-mam,metabolism_note,scientific,2,NEEDS_REVIEW,B,SRC-PMC12937638,10.3390/biom16020298,https://pmc.ncbi.nlm.nih.gov/articles/PMC12937638/,ABSTRACT,openReuse,"Its principal active metabolite, 6-monoacetylmorphine (6-MAM), significantly contributes to heroin’s neurological effects and acute toxicity.","{""section"": ""ABSTRACT""}"
claim,C-6-MAM-ANALYTICAL_METHOD-P5,6-mam,analytical_method,analytical,2,NEEDS_REVIEW,B,SRC-PMC11945869,10.3390/toxics13030229,https://pmc.ncbi.nlm.nih.gov/articles/PMC11945869/,METHODS,openReuse,"In our previous studies, we analyzed 6-MAM, 6-AC, morphine, and codeine using two distinct LC-MS/MS systems, both of which were also employed in the current study.","{""section"": ""METHODS""}"
claim,C-6-MAM-REPORTED_CONCENTRATION-P5,6-mam,reported_concentration,scientific,2,NEEDS_REVIEW,B,SRC-PMC10099738,10.3390/toxics11030248,https://pmc.ncbi.nlm.nih.gov/articles/PMC10099738/,RESULTS,openReuse,"6-MAM was not detected in 75% of the cases in the 10–20 year age group, whereas it was present in 40% in the 61–70 year age group and at concentrations (BNaF median, 21 ng/mL; vitreous humor median, 52 ng/mL).","{""section"": ""RESULTS"", ""specimen"": [""vitreous humour""], ""context"": ""case report / series (see source)"", ""not_a_threshold"": true}"
claim,C-HYDROCODONE-METABOLISM_NOTE-P5,hydrocodone,metabolism_note,scientific,2,NEEDS_REVIEW,B,SRC-PMC13199760,10.3389/fphar.2026.1817652,https://pmc.ncbi.nlm.nih.gov/articles/PMC13199760/,ABSTRACT,openReuse,Hydrocodone and oxycodone are widely used for acute postoperative pain and are metabolized by CYP2D6 to more potent agonists.,"{""section"": ""ABSTRACT""}"
claim,C-HYDROMORPHONE-METABOLISM_NOTE-P5,hydromorphone,metabolism_note,scientific,2,NEEDS_REVIEW,B,SRC-PMC12597549,10.1016/j.dmd.2025.100135,https://pmc.ncbi.nlm.nih.gov/articles/PMC12597549/,ABSTRACT,openReuse,It is metabolized primarily by UDP-glucuronosyltransferase (UGT)2B7 to form the inactive hydromorphone-3-glucuronide.,"{""section"": ""ABSTRACT""}"
claim,C-HYDROMORPHONE-ANALYTICAL_METHOD-P5,hydromorphone,analytical_method,analytical,2,NEEDS_REVIEW,B,SRC-PMC9256429,10.1155/2022/3645048,https://pmc.ncbi.nlm.nih.gov/articles/PMC9256429/,ABSTRACT,openReuse,"Hydromorphone concentrations were determined by ultra-performance liquid chromatography (UPLC) with gradient elution, followed by tandem mass spectrometry with electrospray ionization.","{""section"": ""ABSTRACT""}"
claim,C-OXYCODONE-METABOLISM_NOTE-P5,oxycodone,metabolism_note,scientific,2,NEEDS_REVIEW,B,SRC-PMC3610662,10.1371/journal.pone.0060239,https://pmc.ncbi.nlm.nih.gov/articles/PMC3610662/,INTRO,openReuse,"Formation of the active metabolite oxymorphone depends on CYP2D6, whereas N-demethylation by CYP3A via the major pathway produces noroxycodone, a metabolite with weak antinociceptive properties.","{""section"": ""INTRO""}"
claim,C-OXYCODONE-ANALYTICAL_METHOD-P5,oxycodone,analytical_method,analytical,2,NEEDS_REVIEW,B,SRC-PMC9576662,10.1007/s00414-022-02890-2,https://pmc.ncbi.nlm.nih.gov/articles/PMC9576662/,METHODS,openReuse,"A validated and quality-controlled gas chromatography-mass spectrometry (GC–MS) method, operated in the selected ion monitoring mode with use of a deuterated internal standard, was employed for the analysis of oxycodone as part of a comprehensive toxicology panel.","{""section"": ""METHODS""}"
claim,C-OXYCODONE-REPORTED_CONCENTRATION-P5,oxycodone,reported_concentration,scientific,2,NEEDS_REVIEW,B,SRC-PMC9576662,10.1007/s00414-022-02890-2,https://pmc.ncbi.nlm.nih.gov/articles/PMC9576662/,DISCUSS,openReuse,"Further evidence against marked PM redistribution come from Finnish and Swedish studies that report a median oxycodone concentration of 0.08 mg/L (N = 3114) and 0.085 mg/L (N = 189), respectively, in PM femoral blood from oxycodone-positive autopsy cases representing all causes of death.","{""section"": ""DISCUSS"", ""specimen"": [""femoral blood"", ""blood""], ""context"": ""postmortem / fatal cases"", ""not_a_threshold"": true}"
claim,C-OXYMORPHONE-METABOLISM_NOTE-P5,oxymorphone,metabolism_note,scientific,2,NEEDS_REVIEW,C,SRC-PMC8468517,10.3390/pharmaceutics13091466,https://pmc.ncbi.nlm.nih.gov/articles/PMC8468517/,ABSTRACT,openReuse,"In humans, oxycodone is converted into several metabolites, particularly into oxymorphone, an active metabolite with potent μ-opioid receptor agonist activity.","{""section"": ""ABSTRACT""}"
claim,C-OXYMORPHONE-ANALYTICAL_METHOD-P5,oxymorphone,analytical_method,analytical,2,NEEDS_REVIEW,C,SRC-PMC8468517,10.3390/pharmaceutics13091466,https://pmc.ncbi.nlm.nih.gov/articles/PMC8468517/,INTRO,openReuse,"However, using sensitive LC-MS/MS assays, limited amounts of oxymorphone could still be detected in their plasma.","{""section"": ""INTRO""}"
claim,C-METHADONE-METABOLISM_NOTE-P5,methadone,metabolism_note,scientific,2,NEEDS_REVIEW,B,SRC-PMC7164646,10.1371/journal.pone.0231467,https://pmc.ncbi.nlm.nih.gov/articles/PMC7164646/,ABSTRACT,openReuse,"We assessed methadone metabolism by calculating the metabolite ratio (major metabolite: 2-ethylidene-1,5-dimethyl-3,3-diphenylpyrrolidine [EDDP] divided by methadone concentration).","{""section"": ""ABSTRACT""}"
claim,C-METHADONE-ANALYTICAL_METHOD-P5,methadone,analytical_method,analytical,2,NEEDS_REVIEW,B,SRC-PMC7870766,10.1007/s00414-021-02502-5,https://pmc.ncbi.nlm.nih.gov/articles/PMC7870766/,METHODS,openReuse,Femoral venous blood and brain (medulla) of 107 methadone-related deaths were analysed for methadone by GC-MS.,"{""section"": ""METHODS""}"
claim,C-METHADONE-REPORTED_CONCENTRATION-P5,methadone,reported_concentration,scientific,2,NEEDS_REVIEW,A,SRC-PMC12808249,10.1007/s00414-025-03620-0,https://pmc.ncbi.nlm.nih.gov/articles/PMC12808249/,DISCUSS,openReuse,"We observed that the average blood concentration of methadone found in adult cases is 503 ng/mL, higher than observed in children, and overlapping with the range of concentration normally reported in living patients undergoing MMT (400–1000 ng/ml).","{""section"": ""DISCUSS"", ""specimen"": [""blood""], ""context"": ""clinical intoxication"", ""not_a_threshold"": true}"
claim,C-BUPRENORPHINE-METABOLISM_NOTE-P5,buprenorphine,metabolism_note,scientific,2,NEEDS_REVIEW,C,SRC-PMC10610465,10.3390/ph16101397,https://pmc.ncbi.nlm.nih.gov/articles/PMC10610465/,ABSTRACT,openReuse,"Buprenorphine’s active metabolite, norbuprenorphine, crosses the blood–brain barrier, is a potent metabolite that attenuates the analgesic effects of buprenorphine due to binding to NOR, and is responsible for the respiratory depressant effects.","{""section"": ""ABSTRACT""}"
claim,C-BUPRENORPHINE-ANALYTICAL_METHOD-P5,buprenorphine,analytical_method,analytical,2,NEEDS_REVIEW,B,SRC-PMC10011066,10.3389/fpsyt.2023.1139370,https://pmc.ncbi.nlm.nih.gov/articles/PMC10011066/,INTRO,openReuse,"This was carried out by analyzing urine samples collected from the inmates for methadone, its metabolite EDDP, buprenorphine, and its metabolite norbuprenorphine with liquid-chromatography tandem-mass spectrometry (LC–MS/MS).","{""section"": ""INTRO""}"
claim,C-BUPRENORPHINE-REPORTED_CONCENTRATION-P5,buprenorphine,reported_concentration,scientific,2,NEEDS_REVIEW,C,SRC-PMC10610465,10.3390/ph16101397,https://pmc.ncbi.nlm.nih.gov/articles/PMC10610465/,INTRO,openReuse,"Postmortem toxicology revealed a serum concentration of 52 ng/mL buprenorphine and 39 ng/mL norbuprenorphine but he tested negative for other illicit, prescription, or over-the-counter drugs.","{""section"": ""INTRO"", ""specimen"": [""serum""], ""context"": ""postmortem / fatal cases"", ""not_a_threshold"": true}"
claim,C-TRAMADOL-METABOLISM_NOTE-P5,tramadol,metabolism_note,scientific,2,NEEDS_REVIEW,B,SRC-PMC12300021,10.3390/ph18070971,https://pmc.ncbi.nlm.nih.gov/articles/PMC12300021/,INTRO,openReuse,"Metabolization primarily occurs in the liver, catalyzed by the cytochrome P450 (CYP) enzymes CYP2D6 and CYP3A4-CYP2B6, producing the active metabolites O-desmethyltramadol (M1) and N-desmethyl-tramadol (M2), respectively.","{""section"": ""INTRO""}"
claim,C-TRAMADOL-ANALYTICAL_METHOD-P5,tramadol,analytical_method,analytical,2,NEEDS_REVIEW,B,SRC-PMC12842606,10.1093/jat/bkaf060,https://pmc.ncbi.nlm.nih.gov/articles/PMC12842606/,ABSTRACT,openReuse,"This study evaluated the performance of the Immunalysis Tapentadol 343 Urine Enzyme Immunoassay (EIA) screening kit, focusing on the prevalence of false-positive results due to cross-reactivity with tramadol.","{""section"": ""ABSTRACT""}"
claim,C-TRAMADOL-REPORTED_CONCENTRATION-P5,tramadol,reported_concentration,scientific,2,NEEDS_REVIEW,D,SRC-PMC6904963,10.11613/BM.2020.010802,https://pmc.ncbi.nlm.nih.gov/articles/PMC6904963/,DISCUSS,openReuse,Only one (fatal) case of tramadol poisoning presenting with hypoglycaemia and cardiac arrest has previously been reported with a plasma concentration of 5.2 mg/L.,"{""section"": ""DISCUSS"", ""specimen"": [""cardiac blood"", ""plasma""], ""context"": ""postmortem / fatal cases"", ""not_a_threshold"": true}"
claim,C-TAPENTADOL-METABOLISM_NOTE-P5,tapentadol,metabolism_note,scientific,2,NEEDS_REVIEW,B,SRC-PMC9282738,10.22038/IJBMS.2022.56996.12710,https://pmc.ncbi.nlm.nih.gov/articles/PMC9282738/,INTRO,openReuse,"In parallel, tapentadol also undergoes phase I oxidative reactions via CYP2C19 to its main metabolite N-desmethyl tapentadol.","{""section"": ""INTRO""}"
claim,C-TAPENTADOL-ANALYTICAL_METHOD-P5,tapentadol,analytical_method,analytical,2,NEEDS_REVIEW,B,SRC-PMC12842606,10.1093/jat/bkaf060,https://pmc.ncbi.nlm.nih.gov/articles/PMC12842606/,ABSTRACT,openReuse,"This study evaluated the performance of the Immunalysis Tapentadol 343 Urine Enzyme Immunoassay (EIA) screening kit, focusing on the prevalence of false-positive results due to cross-reactivity with tramadol.","{""section"": ""ABSTRACT""}"
claim,C-FENTANYL-METABOLISM_NOTE-P5,fentanyl,metabolism_note,scientific,2,NEEDS_REVIEW,B,SRC-PMC6342890,10.1007/s00204-018-2330-9,https://pmc.ncbi.nlm.nih.gov/articles/PMC6342890/,ABSTRACT,openReuse,"Other biotransformations found included oxidation of the piperidine ethyl moiety and/or the phenethyl substructure, glucuronidation as well as amide hydrolysis to form metabolites identical to despropionyl fentanyl.","{""section"": ""ABSTRACT""}"
claim,C-FENTANYL-ANALYTICAL_METHOD-P5,fentanyl,analytical_method,analytical,2,NEEDS_REVIEW,D,SRC-PMC9715521,10.1007/s11419-021-00598-3,https://pmc.ncbi.nlm.nih.gov/articles/PMC9715521/,CASE,openReuse,"In addition to these standard analyses, fentanyl concentrations in blood were quantified by means of a specific validated ultra-performance liquid chromatography–tandem mass spectrometry (UPLC-MS/MS) method (Waters Corporation) to measure fentanyl, sufentanil, cefazolin, doxapram and keto-doxapram.","{""section"": ""CASE""}"
claim,C-FENTANYL-REPORTED_CONCENTRATION-P5,fentanyl,reported_concentration,scientific,2,NEEDS_REVIEW,B,SRC-PMC9863810,10.3390/toxics11010046,https://pmc.ncbi.nlm.nih.gov/articles/PMC9863810/,DISCUSS,openReuse,"Furthermore, a partial overlap was found with the blood values relating to cases of death due to natural causes, in which the finding of fentanyl was considered accidental (n = 12, range: 2.7–33 ng/mL, mean 12 ng/mL).","{""section"": ""DISCUSS"", ""specimen"": [""blood""], ""context"": ""postmortem / fatal cases"", ""not_a_threshold"": true}"
claim,C-NORFENTANYL-ANALYTICAL_METHOD-P5,norfentanyl,analytical_method,analytical,2,NEEDS_REVIEW,B,SRC-PMC11371532,10.1093/jalm/jfae036,https://pmc.ncbi.nlm.nih.gov/articles/PMC11371532/,ABSTRACT,openReuse,Many fentanyl immunoassays are limited in their ability to detect norfentanyl.,"{""section"": ""ABSTRACT""}"
claim,C-NORFENTANYL-REPORTED_CONCENTRATION-P5,norfentanyl,reported_concentration,scientific,2,NEEDS_REVIEW,B,SRC-PMC12241275,10.1007/s11419-025-00721-8,https://pmc.ncbi.nlm.nih.gov/articles/PMC12241275/,DISCUSS,openReuse,"In the case of fentanyl overdose, norfentanyl was detected in blood from 1.4 to 8.9 ng/mL, and in driving under the influence of drugs (DUID) cases in Houston, Texas, between 2019 and 2022, norfentanyl was detected in the blood at a median concentration of 1.7 ng/mL.","{""section"": ""DISCUSS"", ""specimen"": [""blood""], ""context"": ""drivers (DUID)"", ""not_a_threshold"": true}"
claim,C-CARFENTANIL-METABOLISM_NOTE-P5,carfentanil,metabolism_note,scientific,2,NEEDS_REVIEW,B,SRC-PMC5962730,10.3389/fphar.2018.00486,https://pmc.ncbi.nlm.nih.gov/articles/PMC5962730/,CASE,openReuse,"Norcarfentanil, the major metabolite of carfentanil, was only able to generate low opioid activity at a high concentration (1 μM/326 ng/mL) (Figure 2A).","{""section"": ""CASE""}"
claim,C-CARFENTANIL-ANALYTICAL_METHOD-P5,carfentanil,analytical_method,analytical,2,NEEDS_REVIEW,B,SRC-PMC5962730,10.3389/fphar.2018.00486,https://pmc.ncbi.nlm.nih.gov/articles/PMC5962730/,CASE,openReuse,A swab of the plastic bag tested positive for carfentanil via GC–MS analysis.,"{""section"": ""CASE""}"
claim,C-CARFENTANIL-REPORTED_CONCENTRATION-P5,carfentanil,reported_concentration,scientific,2,NEEDS_REVIEW,C,SRC-PMC5754389,10.1007/s11419-017-0379-4,https://pmc.ncbi.nlm.nih.gov/articles/PMC5754389/,INTRO,openReuse,"Case 1 had carfentanil and furanylfentanyl at concentrations of 1.3 and 0.34 ng/mL in blood, respectively.","{""section"": ""INTRO"", ""specimen"": [""blood""], ""context"": ""case report / series (see source)"", ""not_a_threshold"": true}"
claim,C-ACETYLFENTANYL-METABOLISM_NOTE-P5,acetylfentanyl,metabolism_note,scientific,2,NEEDS_REVIEW,B,SRC-PMC6454115,10.3389/fchem.2019.00184,https://pmc.ncbi.nlm.nih.gov/articles/PMC6454115/,DISCUSS,openReuse,"4-ANPP is a major metabolite of methoxyacetylfentanyl (Mardal et al.,) and furanylfentanyl (Watanabe et al.,) and a minor metabolite of acetylfentanyl (Watanabe et al.,), and was detected in every blood and urine samples when one of the three analogs was taken.","{""section"": ""DISCUSS""}"
claim,C-ACETYLFENTANYL-REPORTED_CONCENTRATION-P5,acetylfentanyl,reported_concentration,scientific,2,NEEDS_REVIEW,B,SRC-PMC6454115,10.3389/fchem.2019.00184,https://pmc.ncbi.nlm.nih.gov/articles/PMC6454115/,RESULTS,openReuse,"Samples from 5 cases tested positive for acetylfentanyl and acetyl norfentanyl; average blood concentrations were 40.2 ± 38.6 and 44.5 ± 21.1 μg/L, respectively (n = 3); average urine concentrations were 1,874 ± 1,710 and 6,582 ± 3,252 μg/L, respectively (n = 5).","{""section"": ""RESULTS"", ""specimen"": [""blood"", ""urine""], ""context"": ""case report / series (see source)"", ""not_a_threshold"": true}"
claim,C-FURANYLFENTANYL-METABOLISM_NOTE-P5,furanylfentanyl,metabolism_note,scientific,2,NEEDS_REVIEW,B,SRC-PMC6454115,10.3389/fchem.2019.00184,https://pmc.ncbi.nlm.nih.gov/articles/PMC6454115/,DISCUSS,openReuse,"4-ANPP is a major metabolite of methoxyacetylfentanyl (Mardal et al.,) and furanylfentanyl (Watanabe et al.,) and a minor metabolite of acetylfentanyl (Watanabe et al.,), and was detected in every blood and urine samples when one of the three analogs was taken.","{""section"": ""DISCUSS""}"
claim,C-FURANYLFENTANYL-ANALYTICAL_METHOD-P5,furanylfentanyl,analytical_method,analytical,2,NEEDS_REVIEW,D,SRC-PMC11306479,10.1007/s00414-024-03263-7,https://pmc.ncbi.nlm.nih.gov/articles/PMC11306479/,RESULTS,openReuse,"Toxicological analyses of case 3 allowed to identify the following compounds by LC–MS/MS analysis of femoral blood: MeACF (340 ng/ml), furanylfentanyl (4.3 ng/ml) 4-ANPP (15 ng/ml), alprazolam (69 ng/ml) and alpha-hydroxyalprazolam (3.2 ng/ml) as well as traces of diazepam and nordazepam (< LOQ of 5 ng/ml).","{""section"": ""RESULTS""}"
claim,C-FURANYLFENTANYL-REPORTED_CONCENTRATION-P5,furanylfentanyl,reported_concentration,scientific,2,NEEDS_REVIEW,C,SRC-PMC6609322,10.1080/20961790.2018.1460063,https://pmc.ncbi.nlm.nih.gov/articles/PMC6609322/,RESULTS,openReuse,"Two deaths were reported in one case report from Florida, one of which was in combination with furanylfentanyl and gave postmortem heart blood concentrations of 0.12 and 1.3 ng/mL.","{""section"": ""RESULTS"", ""specimen"": [""cardiac blood"", ""blood""], ""context"": ""postmortem / fatal cases"", ""not_a_threshold"": true}"
claim,C-SUFENTANIL-METABOLISM_NOTE-P5,sufentanil,metabolism_note,scientific,2,NEEDS_REVIEW,B,SRC-PMC5287983,10.1097/MD.0000000000006013,https://pmc.ncbi.nlm.nih.gov/articles/PMC5287983/,ABSTRACT,openReuse,"Sufentanil, a synthetic opioid commonly used for the induction and maintenance of general anesthesia, analgesia, and sedation, is mainly metabolized by CYP3A4.","{""section"": ""ABSTRACT""}"
claim,C-SUFENTANIL-ANALYTICAL_METHOD-P5,sufentanil,analytical_method,analytical,2,NEEDS_REVIEW,B,SRC-PMC12734456,10.3390/metabo15120804,https://pmc.ncbi.nlm.nih.gov/articles/PMC12734456/,INTRO,openReuse,"In this study, a high-performance liquid chromatography–tandem mass spectrometry (HPLC–MS/MS) method was developed for the simultaneous quantification of remifentanil, sufentanil, and their metabolites.","{""section"": ""INTRO""}"
claim,C-ALFENTANIL-METABOLISM_NOTE-P5,alfentanil,metabolism_note,scientific,2,NEEDS_REVIEW,B,SRC-PMC7768509,10.3390/pharmacy8040240,https://pmc.ncbi.nlm.nih.gov/articles/PMC7768509/,DISCUSS,openReuse,"Renal function impairment is the reason most often indicated for the use of alfentanil in advanced cancer, as the metabolites of alfentanil are deemed to be inactive, although the evidence for this is very limited, and only a small percentage is excreted unchanged in urine.","{""section"": ""DISCUSS""}"
claim,C-ISOTONITAZENE-METABOLISM_NOTE-P5,isotonitazene,metabolism_note,scientific,2,NEEDS_REVIEW,B,SRC-PMC11291330,10.3389/fphar.2024.1434573,https://pmc.ncbi.nlm.nih.gov/articles/PMC11291330/,DISCUSS,openReuse,"More recently, reported the identification of multiple metabolites isotonitazene, metonitazene, etodesnitazene, and metodesnitazene following incubation with human hepatocytes.","{""section"": ""DISCUSS""}"
claim,C-ISOTONITAZENE-ANALYTICAL_METHOD-P5,isotonitazene,analytical_method,analytical,2,NEEDS_REVIEW,B,SRC-PMC13304115,10.3390/metabo16060358,https://pmc.ncbi.nlm.nih.gov/articles/PMC13304115/,DISCUSS,openReuse,"In our study, only the amino degradant for isotonitazene (5-aminoisotonitazene) was included in the NPS-specific LC-MS/MS screen at the time of analysis.","{""section"": ""DISCUSS""}"
claim,C-METONITAZENE-METABOLISM_NOTE-P5,metonitazene,metabolism_note,scientific,2,NEEDS_REVIEW,B,SRC-PMC11169013,10.1007/s00204-024-03735-0,https://pmc.ncbi.nlm.nih.gov/articles/PMC11169013/,INTRO,openReuse,"Metabolite detection is critical to document drug consumption in clinical and forensic settings, and phase I metabolites of isotonitazene and metonitazene have been identified in authentic cases of consumption (Krotulski et al.).","{""section"": ""INTRO""}"
claim,C-PROTONITAZENE-METABOLISM_NOTE-P5,protonitazene,metabolism_note,scientific,2,NEEDS_REVIEW,B,SRC-PMC12695736,10.3389/fphar.2025.1656437,https://pmc.ncbi.nlm.nih.gov/articles/PMC12695736/,INTRO,openReuse,"For example, in an in vitro incubation in human liver microsomes, protonitazene was metabolized to multiple metabolites, including N-desethylprotonitazene, 5-amino-protonitazene, and 4-hydroxynitazene.","{""section"": ""INTRO""}"
claim,C-PROTONITAZENE-ANALYTICAL_METHOD-P5,protonitazene,analytical_method,analytical,2,NEEDS_REVIEW,B,SRC-PMC11594323,10.3390/ijms252212332,https://pmc.ncbi.nlm.nih.gov/articles/PMC11594323/,INTRO,openReuse,"The aims of this study were to develop and validate an analytical method in LC-HRMS/MS for the quantification of four nitazenes (etazene, flunitazene, isotonitazene and protonitazene, (Figure 2) in DBSs and to assess their stability at 4°C and room temperature, over a 30-day period.","{""section"": ""INTRO""}"
claim,C-PROTONITAZENE-REPORTED_CONCENTRATION-P5,protonitazene,reported_concentration,scientific,2,NEEDS_REVIEW,B,SRC-PMC12195359,10.3390/metabo15060371,https://pmc.ncbi.nlm.nih.gov/articles/PMC12195359/,DISCUSS,openReuse,Postmortem analyses found peripheral blood protonitazene concentrations ranging from 3.1 to 25 ng/mL and even cases with concentrations as low as 0.1 ng/mL.,"{""section"": ""DISCUSS"", ""specimen"": [""peripheral blood"", ""blood""], ""context"": ""postmortem / fatal cases"", ""not_a_threshold"": true}"
claim,C-MITRAGYNINE-METABOLISM_NOTE-P5,mitragynine,metabolism_note,scientific,2,NEEDS_REVIEW,B,SRC-PMC12679550,10.1021/acschemneuro.5c00719,https://pmc.ncbi.nlm.nih.gov/articles/PMC12679550/,ABSTRACT,openReuse,"Finally, we report binding and enzyme-inhibition profiling results for mitragynine and its major metabolites, 7-Hydroxymitragynine and 9-Hydroxycorynantheidine, at 99 targets.","{""section"": ""ABSTRACT""}"
claim,C-MITRAGYNINE-ANALYTICAL_METHOD-P5,mitragynine,analytical_method,analytical,2,NEEDS_REVIEW,B,SRC-PMC9572452,10.3390/nu14193909,https://pmc.ncbi.nlm.nih.gov/articles/PMC9572452/,ABSTRACT,openReuse,"The LC-MS/MS analysis showed that the mitragynine, quercetin, and rutin contents from kratom extracts were different.","{""section"": ""ABSTRACT""}"
claim,C-MITRAGYNINE-REPORTED_CONCENTRATION-P5,mitragynine,reported_concentration,scientific,2,NEEDS_REVIEW,B,SRC-PMC6930223,10.1038/s41598-019-56106-6,https://pmc.ncbi.nlm.nih.gov/articles/PMC6930223/,DISCUSS,openReuse,"In addition, several other fatal cases related to kratom toxicity revealed mitragynine concentrations in the range of 0.23–1.06 mg/L in postmortem blood samples.","{""section"": ""DISCUSS"", ""specimen"": [""blood""], ""context"": ""postmortem / fatal cases"", ""not_a_threshold"": true}"
claim,C-LOPERAMIDE-METABOLISM_NOTE-P5,loperamide,metabolism_note,scientific,2,NEEDS_REVIEW,D,SRC-PMC9261480,10.3389/fpsyt.2022.910684,https://pmc.ncbi.nlm.nih.gov/articles/PMC9261480/,DISCUSS,openReuse,"Loperamide is mostly metabolized by CYP3A, which is strongly influenced by environmental factors.","{""section"": ""DISCUSS""}"
claim,C-DEXTROMETHORPHAN-METABOLISM_NOTE-P5,dextromethorphan,metabolism_note,scientific,2,NEEDS_REVIEW,B,SRC-PMC3966352,10.1155/2014/634592,https://pmc.ncbi.nlm.nih.gov/articles/PMC3966352/,ABSTRACT,openReuse,"The O-demethylated and N-demethylated metabolites of dextromethorphan were measured as dextrorphan (DOR) and 3-methoxymorphinan (3-MM), respectively.","{""section"": ""ABSTRACT""}"
claim,C-DEXTROMETHORPHAN-ANALYTICAL_METHOD-P5,dextromethorphan,analytical_method,analytical,2,NEEDS_REVIEW,B,SRC-PMC9570840,10.3390/molecules27196761,https://pmc.ncbi.nlm.nih.gov/articles/PMC9570840/,INTRO,openReuse,"Gas chromatography-mass spectrometer (GC-MS) was chosen for simultaneous quantification of six opioids (tramadol, dextromethorphan, morphine, codeine, 6-acetylmorphine and nalbuphine) in selected ion monitoring (SIM) mode in blood and urine samples.","{""section"": ""INTRO""}"
claim,C-COCAINE-REPORTED_CONCENTRATION-P5,cocaine,reported_concentration,scientific,2,NEEDS_REVIEW,A,SRC-PMC13553925,10.3389/fped.2026.1854801,https://pmc.ncbi.nlm.nih.gov/articles/PMC13553925/,INTRO,openReuse,"Analysis of 5,339 cases reported to the National Programme on Substance Abuse Deaths (2000–2019) showed that mean blood cocaine concentrations were approximately 900 ng/mL in cardiac-related deaths, compared with markedly higher levels in acute intoxication (≈19,100 ng/mL) and chronic or binge use (≈6,200 ng/mL).","{""section"": ""INTRO"", ""specimen"": [""cardiac blood"", ""blood""], ""context"": ""postmortem / fatal cases"", ""not_a_threshold"": true}"
claim,C-BENZOYLECGONINE-METABOLISM_NOTE-P5,benzoylecgonine,metabolism_note,scientific,2,NEEDS_REVIEW,B,SRC-PMC9837138,10.1038/s41598-022-27280-x,https://pmc.ncbi.nlm.nih.gov/articles/PMC9837138/,INTRO,openReuse,"Another metabolic pathway is cocaine methyl ester hydrolysis catalyzed by human liver carboxylesterase-1 (hCE-1), producing benzoylecgonine.","{""section"": ""INTRO""}"
claim,C-BENZOYLECGONINE-REPORTED_CONCENTRATION-P5,benzoylecgonine,reported_concentration,scientific,2,NEEDS_REVIEW,B,SRC-PMC8227838,10.1016/j.pmedr.2021.101454,https://pmc.ncbi.nlm.nih.gov/articles/PMC8227838/,ABSTRACT,openReuse,"Among the 10,996 drivers with at least one positive test, the median blood concentrations of ethanol, THC, MDMA, amphetamine, benzoylecgonine, and 6-MAM were respectively 1.82 g/L, 2.41 ng/mL, 138.4 ng/mL, 67.7 ng/mL, 173.3 ng/mL, and 0.97 ng/mL.","{""section"": ""ABSTRACT"", ""specimen"": [""blood""], ""context"": ""drivers (DUID)"", ""not_a_threshold"": true}"
claim,C-COCAETHYLENE-METABOLISM_NOTE-P5,cocaethylene,metabolism_note,scientific,2,NEEDS_REVIEW,C,SRC-PMC8956485,10.7759/cureus.22498,https://pmc.ncbi.nlm.nih.gov/articles/PMC8956485/,ABSTRACT,openReuse,Cocaine is taken frequently together with ethanol and this combination produces a psychoactive metabolite called cocaethylene which has similar properties to the parent drug and may be more cardiotoxic.,"{""section"": ""ABSTRACT""}"
claim,C-COCAETHYLENE-ANALYTICAL_METHOD-P5,cocaethylene,analytical_method,analytical,2,NEEDS_REVIEW,B,SRC-PMC5645433,10.1007/s13361-017-1766-0,https://pmc.ncbi.nlm.nih.gov/articles/PMC5645433/,ABSTRACT,openReuse,"Cocaine, benzoylecgonine, and cocaethylene were detectable, in agreement with analyses carried out using the standard LC-MS/MS method.","{""section"": ""ABSTRACT""}"
claim,C-AMPHETAMINE-METABOLISM_NOTE-P5,amphetamine,metabolism_note,scientific,2,NEEDS_REVIEW,D,SRC-PMC10310599,10.1007/s11419-022-00654-6,https://pmc.ncbi.nlm.nih.gov/articles/PMC10310599/,ABSTRACT,openReuse,The results in the present case report may be useful in interpreting whether or not the amphetamine detected in a cadaver is a metabolite of LDX.,"{""section"": ""ABSTRACT""}"
claim,C-AMPHETAMINE-ANALYTICAL_METHOD-P5,amphetamine,analytical_method,analytical,2,NEEDS_REVIEW,D,SRC-PMC10310599,10.1007/s11419-022-00654-6,https://pmc.ncbi.nlm.nih.gov/articles/PMC10310599/,ABSTRACT,openReuse,"While amphetamine was detected, methamphetamine could not be detected by liquid chromatography–tandem mass spectrometry (LC–MS/MS) in any of samples collected.","{""section"": ""ABSTRACT""}"
claim,C-AMPHETAMINE-REPORTED_CONCENTRATION-P5,amphetamine,reported_concentration,scientific,2,NEEDS_REVIEW,D,SRC-PMC11803147,10.1016/j.fsisyn.2024.100568,https://pmc.ncbi.nlm.nih.gov/articles/PMC11803147/,ABSTRACT,openReuse,"Amphetamine was detected in all biological materials, the highest concentrations were found in urine (2600 μg/ml, case 1) and stomach content (14,000 μg/g, case 2).","{""section"": ""ABSTRACT"", ""specimen"": [""urine"", ""gastric contents""], ""context"": ""case report / series (see source)"", ""not_a_threshold"": true}"
claim,C-METHAMPHETAMINE-ANALYTICAL_METHOD-P5,methamphetamine,analytical_method,analytical,2,NEEDS_REVIEW,B,SRC-PMC6868402,10.1002/jcla.22993,https://pmc.ncbi.nlm.nih.gov/articles/PMC6868402/,ABSTRACT,openReuse,"In this study, a surface plasmon resonance (SPR) system based on indirect inhibitive immunoassay was designed for the analysis of methamphetamine in forensic oral fluid samples.","{""section"": ""ABSTRACT""}"
claim,C-METHAMPHETAMINE-REPORTED_CONCENTRATION-P5,methamphetamine,reported_concentration,scientific,2,NEEDS_REVIEW,B,SRC-PMC11405366,10.2188/jea.JE20230263,https://pmc.ncbi.nlm.nih.gov/articles/PMC11405366/,RESULTS,openReuse,"Cases where only methamphetamine was detected had a higher blood methamphetamine concentration (2.68; SD, 13.7 µg/mL) than cases with multiple substances (1.62; SD, 7.59 µg/mL), but this difference was not significant (P = 0.255).","{""section"": ""RESULTS"", ""specimen"": [""blood""], ""context"": ""case report / series (see source)"", ""not_a_threshold"": true}"
claim,C-MDMA-METABOLISM_NOTE-P5,mdma,metabolism_note,scientific,2,NEEDS_REVIEW,C,SRC-PMC11359928,10.3390/pharmaceutics16081091,https://pmc.ncbi.nlm.nih.gov/articles/PMC11359928/,INTRO,openReuse,MDMA metabolites are eventually excreted in urine as conjugated glucuronide and/or sulfate metabolites.,"{""section"": ""INTRO""}"
claim,C-MDMA-ANALYTICAL_METHOD-P5,mdma,analytical_method,analytical,2,NEEDS_REVIEW,B,SRC-PMC13139824,10.1111/1556-4029.70284,https://pmc.ncbi.nlm.nih.gov/articles/PMC13139824/,METHODS,openReuse,"Prior to 2013, screening of blood samples for Coronial and DUID cases was carried out using an ELISA method for MDMA/methamphetamine.","{""section"": ""METHODS""}"
claim,C-MDMA-REPORTED_CONCENTRATION-P5,mdma,reported_concentration,scientific,2,NEEDS_REVIEW,B,SRC-PMC13139824,10.1111/1556-4029.70284,https://pmc.ncbi.nlm.nih.gov/articles/PMC13139824/,ABSTRACT,openReuse,"Of the 131 MDMA‐positive Coronial cases, 73 were quantified in peripheral postmortem blood (mean: 0.88 mg/L, range: 0.01–9.30 mg/L).","{""section"": ""ABSTRACT"", ""specimen"": [""peripheral blood"", ""blood""], ""context"": ""postmortem / fatal cases"", ""not_a_threshold"": true}"
claim,C-MEPHEDRONE-METABOLISM_NOTE-P5,mephedrone,metabolism_note,scientific,2,NEEDS_REVIEW,B,SRC-PMC4978154,10.1111/bph.13547,https://pmc.ncbi.nlm.nih.gov/articles/PMC4978154/,ABSTRACT,openReuse,"Upon systemic administration, mephedrone is metabolized to several phase I compounds: the N‐demethylated metabolite, 4‐methylcathinone (nor‐mephedrone); the ring‐hydroxylated metabolite, 4‐hydroxytolylmephedrone (4‐OH‐mephedrone); and the reduced keto‐metabolite, dihydromephedrone.","{""section"": ""ABSTRACT""}"
claim,C-MEPHEDRONE-ANALYTICAL_METHOD-P5,mephedrone,analytical_method,analytical,2,NEEDS_REVIEW,B,SRC-PMC6999687,10.3389/fphar.2019.01588,https://pmc.ncbi.nlm.nih.gov/articles/PMC6999687/,METHODS,openReuse,Mephedrone plasma concentrations were quantified by gas chromatography-mass spectrometry (GC-MS).,"{""section"": ""METHODS""}"
claim,C-MDPV-METABOLISM_NOTE-P5,mdpv,metabolism_note,scientific,2,NEEDS_REVIEW,B,SRC-PMC7477084,10.3389/fpsyt.2020.00862,https://pmc.ncbi.nlm.nih.gov/articles/PMC7477084/,DISCUSS,openReuse,"Likewise, MDPV is metabolized to 3,4-dihydroxypyrovalerone and 4-hydroxy-3-methoxypyrovalerone among other biotransformation products, with the former metabolite showing significant (nanomolar) inhibitory activity at DAT and NET.","{""section"": ""DISCUSS""}"
claim,C-MDPV-ANALYTICAL_METHOD-P5,mdpv,analytical_method,analytical,2,NEEDS_REVIEW,B,SRC-PMC9917214,10.3390/ijms24032680,https://pmc.ncbi.nlm.nih.gov/articles/PMC9917214/,ABSTRACT,openReuse,"To detect and quantify MDPV, a UHPLC-UV method was developed and validated.","{""section"": ""ABSTRACT""}"
claim,C-MDPV-REPORTED_CONCENTRATION-P5,mdpv,reported_concentration,scientific,2,NEEDS_REVIEW,B,SRC-PMC6242792,10.1007/s13181-018-0668-2,https://pmc.ncbi.nlm.nih.gov/articles/PMC6242792/,DISCUSS,openReuse,Publications on α-PBP intoxications are sparse but one case report with fatal outcome detected α-PBP (200 ng/mL) postmortem in cardiac blood along with MDPV (1200 ng/mL).,"{""section"": ""DISCUSS"", ""specimen"": [""cardiac blood"", ""blood""], ""context"": ""postmortem / fatal cases"", ""not_a_threshold"": true}"
claim,C-ALPHA-PVP-METABOLISM_NOTE-P5,alpha-pvp,metabolism_note,scientific,2,NEEDS_REVIEW,B,SRC-PMC7796222,10.3390/ijms22010230,https://pmc.ncbi.nlm.nih.gov/articles/PMC7796222/,RESULTS,openReuse,"Pyrrolidinyl dihydroxylation was also a major transformation in the metabolic pathway of 4-methoxy-α-PVP and α-PVT, two structural analogues, using human hepatocytes and urine samples from users.","{""section"": ""RESULTS""}"
claim,C-ALPHA-PVP-REPORTED_CONCENTRATION-P5,alpha-pvp,reported_concentration,scientific,2,NEEDS_REVIEW,C,SRC-PMC7663692,10.3390/ijms21218185,https://pmc.ncbi.nlm.nih.gov/articles/PMC7663692/,INTRO,openReuse,"In 2012, α-PVP was identified in the postmortem samples of a drowned victim at concentrations of 40 and 295 ng/mL in the blood and urine.","{""section"": ""INTRO"", ""specimen"": [""blood"", ""urine""], ""context"": ""postmortem / fatal cases"", ""not_a_threshold"": true}"
claim,C-METHYLPHENIDATE-ANALYTICAL_METHOD-P5,methylphenidate,analytical_method,analytical,2,NEEDS_REVIEW,B,SRC-PMC6792245,10.1186/s13065-019-0634-3,https://pmc.ncbi.nlm.nih.gov/articles/PMC6792245/,INTRO,openReuse,"Different analytical techniques for assaying of methylphenidate have been available, most of which rely on chromatographic methods using HPLC-ultraviolet detection, HPLC-fluorescence detection, HPLC-chemiluminescence detection, HPLC-mass spectrometry, and enantiomeric resolution.","{""section"": ""INTRO""}"
claim,C-CATHINONE-ANALYTICAL_METHOD-P5,cathinone,analytical_method,analytical,2,NEEDS_REVIEW,B,SRC-PMC10303278,10.3390/toxics11060506,https://pmc.ncbi.nlm.nih.gov/articles/PMC10303278/,METHODS,openReuse,"Using liquid chromatography–mass spectrometry, the immunoassay positive results for amphetamine-type stimulants (including amphetamine, methamphetamine, cathine, and cathinone) were confirmed and quantified, while gas chromatography–mass spectrometry was used to exclude other drugs.","{""section"": ""METHODS""}"
claim,C-CATHINONE-REPORTED_CONCENTRATION-P5,cathinone,reported_concentration,scientific,2,NEEDS_REVIEW,B,SRC-PMC10303278,10.3390/toxics11060506,https://pmc.ncbi.nlm.nih.gov/articles/PMC10303278/,DISCUSS,openReuse,"The median blood concentrations of cathinone and cathine were 40 and 470 ng/mL, respectively, exceeding the median blood levels of cathinone and cathine in previously published forensic non-fatal road traffic accidents (median 33 and 129 ng/mL, respectively; N = 19).","{""section"": ""DISCUSS"", ""specimen"": [""blood""], ""context"": ""postmortem / fatal cases"", ""not_a_threshold"": true}"
claim,C-EPHEDRINE-ANALYTICAL_METHOD-P5,ephedrine,analytical_method,analytical,2,NEEDS_REVIEW,D,SRC-PMC12732496,10.3390/ijms262411974,https://pmc.ncbi.nlm.nih.gov/articles/PMC12732496/,INTRO,openReuse,"The objective of this study is to present a UHPLC-QqQ-MS/MS method that enables the quantification of post-mortem concentrations of substances such as methcathinone, pseudoephedrine, and ephedrine, in the blood and vitreous humor of individual chronically administering methcathinone intravenously.","{""section"": ""INTRO""}"
claim,C-THC-METABOLISM_NOTE-P5,thc,metabolism_note,scientific,2,NEEDS_REVIEW,B,SRC-PMC7578173,10.1007/s00414-020-02387-w,https://pmc.ncbi.nlm.nih.gov/articles/PMC7578173/,ABSTRACT,openReuse,"During phase I metabolism, it is metabolized to (−)-11-hydroxy-Δ-9-tetrahydrocannabinol ((−)-11-OH-Δ-9-THC), which is psychoactive, and to (−)-11-nor-9-carboxy-Δ-9-tetrahydrocannabinol ((−)-Δ-9-THC-COOH), which is psychoinactive.","{""section"": ""ABSTRACT""}"
claim,C-THC-ANALYTICAL_METHOD-P5,thc,analytical_method,analytical,2,NEEDS_REVIEW,B,SRC-PMC10146061,10.3390/molecules28083586,https://pmc.ncbi.nlm.nih.gov/articles/PMC10146061/,ABSTRACT,openReuse,A simple and sensitive analytical method was developed for qualitative and quantitative analysis of Δ9-tetrahydrocannabinol (Δ9-THC) and its metabolite 11-nor-Δ9-tetrahydrocannabinol-carboxylic acid (Δ9-THC-COOH) in human postmortem blood using gas chromatography/mass spectrometry (GC-MS) in selected ion monitoring (SIM) mode.,"{""section"": ""ABSTRACT""}"
claim,C-THC-REPORTED_CONCENTRATION-P5,thc,reported_concentration,scientific,2,NEEDS_REVIEW,C,SRC-PMC12034656,10.3389/ftox.2025.1558721,https://pmc.ncbi.nlm.nih.gov/articles/PMC12034656/,INTRO,openReuse,"A recent study conducted in France on 26 paediatric cannabis intoxication cases, showed mean plasma concentrations of THC, 11-OH-THC and THC-COOH of 29 ng/mL, 21 ng/mL and 255 ng/mL respectively.","{""section"": ""INTRO"", ""specimen"": [""plasma""], ""context"": ""clinical intoxication"", ""not_a_threshold"": true}"
claim,C-11-OH-THC-METABOLISM_NOTE-P5,11-oh-thc,metabolism_note,scientific,2,NEEDS_REVIEW,B,SRC-PMC10975434,10.3390/pharmaceutics16030418,https://pmc.ncbi.nlm.nih.gov/articles/PMC10975434/,INTRO,openReuse,"THC is metabolized to an active metabolite, 11-hydroxy-Δ9-tetrahydrocannabinol (11-OH-THC), that is also psychoactive.","{""section"": ""INTRO""}"
claim,C-11-OH-THC-ANALYTICAL_METHOD-P5,11-oh-thc,analytical_method,analytical,2,NEEDS_REVIEW,B,SRC-PMC11829072,10.1093/jat/bkae094,https://pmc.ncbi.nlm.nih.gov/articles/PMC11829072/,INTRO,openReuse,"Our aim was therefore to establish an efficient and robust liquid chromatography–tandem mass spectrometry (LC–MS–MS) method based on easily available (low-end) instrumentation enabling the simultaneous determination of THC, 11-OH-THC, THC-COOH, HHC, and CBD in plasma and whole-blood.","{""section"": ""INTRO""}"
claim,C-THC-COOH-METABOLISM_NOTE-P5,thc-cooh,metabolism_note,scientific,2,NEEDS_REVIEW,B,SRC-PMC8434267,10.3390/molecules26175334,https://pmc.ncbi.nlm.nih.gov/articles/PMC8434267/,INTRO,openReuse,"However, the authors proved that also 11-nor-9-carboxy-Δ9-THC (THCCOOH), the main metabolite of THC that is generally ionized in negative mode, can be detected on spiked DUS.","{""section"": ""INTRO""}"
claim,C-THC-COOH-ANALYTICAL_METHOD-P5,thc-cooh,analytical_method,analytical,2,NEEDS_REVIEW,B,SRC-PMC10146061,10.3390/molecules28083586,https://pmc.ncbi.nlm.nih.gov/articles/PMC10146061/,ABSTRACT,openReuse,A simple and sensitive analytical method was developed for qualitative and quantitative analysis of Δ9-tetrahydrocannabinol (Δ9-THC) and its metabolite 11-nor-Δ9-tetrahydrocannabinol-carboxylic acid (Δ9-THC-COOH) in human postmortem blood using gas chromatography/mass spectrometry (GC-MS) in selected ion monitoring (SIM) mode.,"{""section"": ""ABSTRACT""}"
claim,C-THC-COOH-REPORTED_CONCENTRATION-P5,thc-cooh,reported_concentration,scientific,2,NEEDS_REVIEW,B,SRC-PMC10536215,10.3390/toxics11090740,https://pmc.ncbi.nlm.nih.gov/articles/PMC10536215/,DISCUSS,openReuse,"In these case study reports, THC-COOH levels ranged from 8.0 to 3894 ng/g in liver tissues and from 3 to 1774 ng/mL in kidney tissues.","{""section"": ""DISCUSS"", ""specimen"": [""liver"", ""kidney""], ""context"": ""case report / series (see source)"", ""not_a_threshold"": true}"
claim,C-CBD-METABOLISM_NOTE-P5,cbd,metabolism_note,scientific,2,NEEDS_REVIEW,B,SRC-PMC10975434,10.3390/pharmaceutics16030418,https://pmc.ncbi.nlm.nih.gov/articles/PMC10975434/,INTRO,openReuse,"Similarly, CBD is metabolized to an active metabolite, 7-hydroxy-cannabidiol (7-OH-CBD), which is then further metabolized to 7-carboxy-cannabidiol (7-COOH-CBD).","{""section"": ""INTRO""}"
claim,C-CBD-ANALYTICAL_METHOD-P5,cbd,analytical_method,analytical,2,NEEDS_REVIEW,B,SRC-PMC9637868,10.3389/fphar.2022.1038754,https://pmc.ncbi.nlm.nih.gov/articles/PMC9637868/,RESULTS,openReuse,"Previous analytical methods determined CBD, THC and metabolites (Figure 1) by UHPLC-MS/MS methods with VAMS collection but no assay is currently available to simultaneously quantify all of these analytes in whole blood.","{""section"": ""RESULTS""}"
claim,C-JWH-018-METABOLISM_NOTE-P5,jwh-018,metabolism_note,scientific,2,NEEDS_REVIEW,B,SRC-PMC6168621,10.3389/fphar.2018.01084,https://pmc.ncbi.nlm.nih.gov/articles/PMC6168621/,ABSTRACT,openReuse,"Incubation of 4OH-AB-PINACA and 5OH-AB-PINACA with human liver microsomes (HLMs) results in limited glucuronide formation when compared to that of JWH-018-M2, a major monohydroxylated metabolite of the first generation SCB JWH-018.","{""section"": ""ABSTRACT""}"
claim,C-JWH-018-REPORTED_CONCENTRATION-P5,jwh-018,reported_concentration,scientific,2,NEEDS_REVIEW,B,SRC-PMC9110546,10.1007/s00213-021-05768-0,https://pmc.ncbi.nlm.nih.gov/articles/PMC9110546/,DISCUSS,openReuse,Blood concentrations of JWH-018 in intoxication cases (non-fatal as well as fatal) show a large variability (ranging from <.05 to 199 ng/ml) (Adamowicz).,"{""section"": ""DISCUSS"", ""specimen"": [""blood""], ""context"": ""postmortem / fatal cases"", ""not_a_threshold"": true}"
claim,C-MDMB-4EN-PINACA-METABOLISM_NOTE-P5,mdmb-4en-pinaca,metabolism_note,scientific,2,NEEDS_REVIEW,B,SRC-PMC7961380,10.3390/molecules26051396,https://pmc.ncbi.nlm.nih.gov/articles/PMC7961380/,INTRO,openReuse,"The carboxylic acid metabolite of MDMB-4en-PINACA (5) was the only metabolite detected in blood taken for toxicological analysis from an authentic user, whilst both the carboxylic acid and carboxylic acid with dihydrodiol metabolites were detected in urine.","{""section"": ""INTRO""}"
claim,C-MDMB-4EN-PINACA-ANALYTICAL_METHOD-P5,mdmb-4en-pinaca,analytical_method,analytical,2,NEEDS_REVIEW,B,SRC-PMC10141538,10.3390/metabo13040576,https://pmc.ncbi.nlm.nih.gov/articles/PMC10141538/,RESULTS,openReuse,The LC-MS analysis confirmed that ADB-BUTINACA (m/z 331.2129) and MDMB-4en-PINACA (m/z 358.2125) were both “indazole-3-carboxamide” SCRAs.,"{""section"": ""RESULTS""}"
claim,C-ADB-BUTINACA-ANALYTICAL_METHOD-P5,adb-butinaca,analytical_method,analytical,2,NEEDS_REVIEW,D,SRC-PMC12858572,10.1007/s11419-025-00746-z,https://pmc.ncbi.nlm.nih.gov/articles/PMC12858572/,METHODS,openReuse,"For metabolite detection, the same LC-MS/MS method as for SAM was used, but metabolites of ADB-BUTINACA and MDMB-BUTINACA were added into the MRM method.","{""section"": ""METHODS""}"
claim,C-KETAMINE-METABOLISM_NOTE-P5,ketamine,metabolism_note,scientific,2,NEEDS_REVIEW,B,SRC-PMC12678371,10.3389/fphar.2025.1699304,https://pmc.ncbi.nlm.nih.gov/articles/PMC12678371/,RESULTS,openReuse,"Based on existing studies, (R)-ketamine is metabolized in the liver via cytochrome P450 enzymes.","{""section"": ""RESULTS""}"
claim,C-KETAMINE-ANALYTICAL_METHOD-P5,ketamine,analytical_method,analytical,2,NEEDS_REVIEW,B,SRC-PMC12280840,10.1002/bmc.70171,https://pmc.ncbi.nlm.nih.gov/articles/PMC12280840/,ABSTRACT,openReuse,"In this study, we developed and validated a state‐of‐the‐art liquid chromatography–tandem mass spectrometry (LC–MS/MS) method for the bioanalysis of ketamine and its metabolites, norketamine, dehydronorketamine (DHNK), and (2R,6R)‐hydroxynorketamine (HNK), in human plasma.","{""section"": ""ABSTRACT""}"
claim,C-PCP-ANALYTICAL_METHOD-P5,pcp,analytical_method,analytical,2,NEEDS_REVIEW,B,SRC-PMC12775048,10.1038/s41598-025-29996-y,https://pmc.ncbi.nlm.nih.gov/articles/PMC12775048/,INTRO,openReuse,"Phencyclidine (PCP) is commonly identified through various techniques, including immunoassay screening tests (i.e., urine drug tests), gas chromatography-mass spectrometry (GC-MS), liquid chromatography-mass spectrometry (LC-MS), and infrared spectroscopy.","{""section"": ""INTRO""}"
claim,C-LSD-METABOLISM_NOTE-P5,lsd,metabolism_note,scientific,2,NEEDS_REVIEW,B,SRC-PMC8149637,10.1038/s41598-021-90343-y,https://pmc.ncbi.nlm.nih.gov/articles/PMC8149637/,ABSTRACT,openReuse,"Individuals with no functional CYP2D6 (i.e., poor metabolizers) had longer LSD half-lives and approximately 75% higher parent drug and main metabolite 2-oxo-3-hydroxy LSD area-under-the-curve blood plasma concentrations compared with carriers of functional CYP2D6.","{""section"": ""ABSTRACT""}"
claim,C-LSD-ANALYTICAL_METHOD-P5,lsd,analytical_method,analytical,2,NEEDS_REVIEW,B,SRC-PMC11643092,10.3390/molecules29235717,https://pmc.ncbi.nlm.nih.gov/articles/PMC11643092/,ABSTRACT,openReuse,Gas chromatography–mass spectrometry (GC–MS) and UV spectroscopy were employed to analyze 13 LSD analogs.,"{""section"": ""ABSTRACT""}"
claim,C-LSD-REPORTED_CONCENTRATION-P5,lsd,reported_concentration,scientific,2,NEEDS_REVIEW,C,SRC-PMC12030196,10.3390/ph18040499,https://pmc.ncbi.nlm.nih.gov/articles/PMC12030196/,INTRO,openReuse,Postmortem toxicological investigations have reported median LSD blood concentrations of approximately 0.8 µg/L.,"{""section"": ""INTRO"", ""specimen"": [""blood""], ""context"": ""postmortem / fatal cases"", ""not_a_threshold"": true}"
claim,C-PSILOCYBIN-METABOLISM_NOTE-P5,psilocybin,metabolism_note,scientific,2,NEEDS_REVIEW,C,SRC-PMC12030428,10.3390/pharmaceutics17040411,https://pmc.ncbi.nlm.nih.gov/articles/PMC12030428/,ABSTRACT,openReuse,Understanding the pharmacokinetics of psilocybin and its active metabolite psilocin is crucial for optimizing its clinical use and minimizing adverse effects.,"{""section"": ""ABSTRACT""}"
claim,C-PSILOCYBIN-ANALYTICAL_METHOD-P5,psilocybin,analytical_method,analytical,2,NEEDS_REVIEW,B,SRC-PMC13197576,10.1093/jat/bkag015,https://pmc.ncbi.nlm.nih.gov/articles/PMC13197576/,RESULTS,openReuse,"To assess the method’s applicability and PSG’s potential as a biomarker of psilocybin intake, we analyzed 23 authentic whole blood samples from DUID and other criminal cases in which psilocin and PSG were detected during targeted screening, using the developed LC-MS/MS method (Table 3).","{""section"": ""RESULTS""}"
claim,C-GHB-METABOLISM_NOTE-P5,ghb,metabolism_note,scientific,2,NEEDS_REVIEW,B,SRC-PMC8927817,10.3389/fphar.2022.816376,https://pmc.ncbi.nlm.nih.gov/articles/PMC8927817/,INTRO,openReuse,"It is reported that GHB can be metabolized to succinic semialdehyde, followed by oxidation to succinate.","{""section"": ""INTRO""}"
claim,C-GHB-ANALYTICAL_METHOD-P5,ghb,analytical_method,analytical,2,NEEDS_REVIEW,B,SRC-PMC10238486,10.1038/s41598-023-36213-1,https://pmc.ncbi.nlm.nih.gov/articles/PMC10238486/,ABSTRACT,openReuse,"We used LC–MS/MS for validated quantification of human urine samples collected within two randomized, double-blinded, placebo-controlled crossover studies (GHB 50 mg/kg, 79 participants) at approximately 4.5, 8, 11, and 28 h after intake.","{""section"": ""ABSTRACT""}"
claim,C-2C-B-METABOLISM_NOTE-P5,2c-b,metabolism_note,scientific,2,NEEDS_REVIEW,B,SRC-PMC5859368,10.3389/fphar.2018.00206,https://pmc.ncbi.nlm.nih.gov/articles/PMC5859368/,INTRO,openReuse,"It is generally assumed that 2C-B is metabolized mainly by the monoamine oxidase enzymes, MAO-A and MAO-B, and, to a lesser degree, by the CYP450 system.","{""section"": ""INTRO""}"
claim,C-2C-B-ANALYTICAL_METHOD-P5,2c-b,analytical_method,analytical,2,NEEDS_REVIEW,D,SRC-PMC8309701,10.3390/toxics9070170,https://pmc.ncbi.nlm.nih.gov/articles/PMC8309701/,ABSTRACT,openReuse,"In this reanalysis, 2C-B has been positively detected and identified using liquid chromatography coupled to high-resolution mass spectrometry (UHPLC-HRMS/MS).","{""section"": ""ABSTRACT""}"
claim,C-ALPRAZOLAM-METABOLISM_NOTE-P5,alprazolam,metabolism_note,scientific,2,NEEDS_REVIEW,B,SRC-PMC2408964,10.1371/journal.pone.0002337,https://pmc.ncbi.nlm.nih.gov/articles/PMC2408964/,ABSTRACT,openReuse,"We have earlier demonstrated an intrinsic difference in the biotransformation of alprazolam (ALP) in brain and liver, relatively more α-hydroxy alprazolam (α-OHALP) is formed in brain as compared to liver.","{""section"": ""ABSTRACT""}"
claim,C-ALPRAZOLAM-ANALYTICAL_METHOD-P5,alprazolam,analytical_method,analytical,2,NEEDS_REVIEW,B,SRC-PMC12430268,10.3390/molecules30173451,https://pmc.ncbi.nlm.nih.gov/articles/PMC12430268/,ABSTRACT,openReuse,"A simple and reliable method was developed using LC-MS/MS to quantify alprazolam, bromazepam, clonazepam, diazepam, and flunitrazepam in clinical samples.","{""section"": ""ABSTRACT""}"
claim,C-ALPRAZOLAM-REPORTED_CONCENTRATION-P5,alprazolam,reported_concentration,scientific,2,NEEDS_REVIEW,B,SRC-PMC9516611,10.1177/02698811221104065,https://pmc.ncbi.nlm.nih.gov/articles/PMC9516611/,DISCUSS,openReuse,give ante-mortem blood levels of 32.8 and 13.0 ng/mL for two alprazolam toxicity cases.,"{""section"": ""DISCUSS"", ""specimen"": [""blood""], ""context"": ""case report / series (see source)"", ""not_a_threshold"": true}"
claim,C-DIAZEPAM-METABOLISM_NOTE-P5,diazepam,metabolism_note,scientific,2,NEEDS_REVIEW,B,SRC-PMC12749239,10.5812/ijpr-164825,https://pmc.ncbi.nlm.nih.gov/articles/PMC12749239/,INTRO,openReuse,"Diazepam is primarily metabolized by cytochrome P450 2C19 (CYP2C19) or cytochrome P450 3A4 (CYP3A4) to form nordiazepam or temazepam, which are subsequently converted to oxazepam via hydroxylation or demethylation.","{""section"": ""INTRO""}"
claim,C-DIAZEPAM-ANALYTICAL_METHOD-P5,diazepam,analytical_method,analytical,2,NEEDS_REVIEW,B,SRC-PMC12430268,10.3390/molecules30173451,https://pmc.ncbi.nlm.nih.gov/articles/PMC12430268/,ABSTRACT,openReuse,"A simple and reliable method was developed using LC-MS/MS to quantify alprazolam, bromazepam, clonazepam, diazepam, and flunitrazepam in clinical samples.","{""section"": ""ABSTRACT""}"
claim,C-NORDIAZEPAM-METABOLISM_NOTE-P5,nordiazepam,metabolism_note,scientific,2,NEEDS_REVIEW,B,SRC-PMC12749239,10.5812/ijpr-164825,https://pmc.ncbi.nlm.nih.gov/articles/PMC12749239/,INTRO,openReuse,"Diazepam is primarily metabolized by cytochrome P450 2C19 (CYP2C19) or cytochrome P450 3A4 (CYP3A4) to form nordiazepam or temazepam, which are subsequently converted to oxazepam via hydroxylation or demethylation.","{""section"": ""INTRO""}"
claim,C-NORDIAZEPAM-ANALYTICAL_METHOD-P5,nordiazepam,analytical_method,analytical,2,NEEDS_REVIEW,B,SRC-PMC12241295,10.1007/s11419-025-00728-1,https://pmc.ncbi.nlm.nih.gov/articles/PMC12241295/,METHODS,openReuse,"Extracts were analysed by LC–MS/MS on an Agilent 6495 triple quadrupole (QQQ) system (Agilent Technologies, Waldbronn, Germany) for the detection and quantification of diazepam, nordazepam, oxazepam, and temazepam.","{""section"": ""METHODS""}"
claim,C-OXAZEPAM-METABOLISM_NOTE-P5,oxazepam,metabolism_note,scientific,2,NEEDS_REVIEW,B,SRC-PMC10892093,10.3390/pharmaceutics16020243,https://pmc.ncbi.nlm.nih.gov/articles/PMC10892093/,ABSTRACT,openReuse,"Oxazepam is metabolized in an enantiomeric-specific manner by glucuronidation, with S-oxazepam metabolized primarily by UGT2B15 and R-oxazepam glucuronidation mediated by both UGT 1A9 and 2B7.","{""section"": ""ABSTRACT""}"
claim,C-OXAZEPAM-ANALYTICAL_METHOD-P5,oxazepam,analytical_method,analytical,2,NEEDS_REVIEW,B,SRC-PMC10892093,10.3390/pharmaceutics16020243,https://pmc.ncbi.nlm.nih.gov/articles/PMC10892093/,METHODS,openReuse,"Oxazepam and oxazepam glucuronides were identified using an ultra-pressure liquid chromatography system (UPLC; Waters Acquity; Waters Corp, Milford, MA, USA) coupled to a triple quadrupole mass spectrometer (MS; Waters Xevo TQD; Waters Corp) by multiple reaction monitoring (MRM).","{""section"": ""METHODS""}"
claim,C-TEMAZEPAM-METABOLISM_NOTE-P5,temazepam,metabolism_note,scientific,2,NEEDS_REVIEW,B,SRC-PMC12749239,10.5812/ijpr-164825,https://pmc.ncbi.nlm.nih.gov/articles/PMC12749239/,INTRO,openReuse,"Diazepam is primarily metabolized by cytochrome P450 2C19 (CYP2C19) or cytochrome P450 3A4 (CYP3A4) to form nordiazepam or temazepam, which are subsequently converted to oxazepam via hydroxylation or demethylation.","{""section"": ""INTRO""}"
claim,C-TEMAZEPAM-ANALYTICAL_METHOD-P5,temazepam,analytical_method,analytical,2,NEEDS_REVIEW,D,SRC-PMC10385699,10.3390/toxics11070608,https://pmc.ncbi.nlm.nih.gov/articles/PMC10385699/,CASE,openReuse,"Additional quantitative analysis was performed on the whole blood sample for temazepam and sodium azide using validated LC-MS/MS and GC-MS methods, respectively.","{""section"": ""CASE""}"
claim,C-LORAZEPAM-METABOLISM_NOTE-P5,lorazepam,metabolism_note,scientific,2,NEEDS_REVIEW,B,SRC-PMC6235651,10.7759/cureus.3133,https://pmc.ncbi.nlm.nih.gov/articles/PMC6235651/,ABSTRACT,openReuse,Lorazepam is a commonly prescribed benzodiazepine metabolized by uridine 5’-diphosphate-glucuronosyltransferases.,"{""section"": ""ABSTRACT""}"
claim,C-LORAZEPAM-ANALYTICAL_METHOD-P5,lorazepam,analytical_method,analytical,2,NEEDS_REVIEW,B,SRC-PMC13342391,10.3389/fphar.2026.1877310,https://pmc.ncbi.nlm.nih.gov/articles/PMC13342391/,METHODS,openReuse,Lorazepam was quantified using Ultra-Performance Liquid Chromatography–Tandem Mass Spectrometry (UPLC-MS/MS) after stable isotope dilution according to European Medicines Agency (EMA) guideline.,"{""section"": ""METHODS""}"
claim,C-CLONAZEPAM-METABOLISM_NOTE-P5,clonazepam,metabolism_note,scientific,2,NEEDS_REVIEW,D,SRC-PMC4782857,10.1097/MD.0000000000002881,https://pmc.ncbi.nlm.nih.gov/articles/PMC4782857/,INTRO,openReuse,"It is rapidly and completely absorbed after oral administration and extensively metabolized in the liver, primarily by cytochrome P450 (CYP) isoenzymes 3A4, to its major metabolite 7-aminoclonazepam which has weak anticonvulsant activity and is excreted mainly in urine.","{""section"": ""INTRO""}"
claim,C-CLONAZEPAM-ANALYTICAL_METHOD-P5,clonazepam,analytical_method,analytical,2,NEEDS_REVIEW,D,SRC-PMC12956958,10.1007/s00414-025-03627-7,https://pmc.ncbi.nlm.nih.gov/articles/PMC12956958/,METHODS,openReuse,Quantification of drugs (including amphetamine and clonazepam) in femoral blood was performed by LC-MS/MS using a fully validated scheduled multiple reaction monitoring (MRM) method.,"{""section"": ""METHODS""}"
claim,C-CLONAZEPAM-REPORTED_CONCENTRATION-P5,clonazepam,reported_concentration,scientific,2,NEEDS_REVIEW,D,SRC-PMC4782857,10.1097/MD.0000000000002881,https://pmc.ncbi.nlm.nih.gov/articles/PMC4782857/,ABSTRACT,openReuse,"High serum levels of both drugs were analyzed 3 weeks before admission to hospitalization (clonazepam 543.9 ng/mL, alprazolam 110 ng/mL) and at the time of admission (clonazepam 286.2 ng/mL, alprazolam 140 ng/mL) without any signs of benzodiazepine intoxication.","{""section"": ""ABSTRACT"", ""specimen"": [""serum""], ""context"": ""clinical intoxication"", ""not_a_threshold"": true}"
claim,C-7-AMINOCLONAZEPAM-ANALYTICAL_METHOD-P5,7-aminoclonazepam,analytical_method,analytical,2,NEEDS_REVIEW,B,SRC-PMC8746686,10.3390/molecules27010112,https://pmc.ncbi.nlm.nih.gov/articles/PMC8746686/,RESULTS,openReuse,"The cross-reactivity of alprazolam, 7-aminoclonazepam, oxazepam, and lorazepam has been tentatively measured for the two immunoassays, since these substances were individually detected in at least three authentic cases.","{""section"": ""RESULTS""}"
claim,C-MIDAZOLAM-METABOLISM_NOTE-P5,midazolam,metabolism_note,scientific,2,NEEDS_REVIEW,B,SRC-PMC7652802,10.1007/s10928-020-09704-1,https://pmc.ncbi.nlm.nih.gov/articles/PMC7652802/,INTRO,openReuse,"Midazolam’s primary metabolite, 1′-OH midazolam, is produced via CYP3A4/5 metabolism and its glucuronide represents approximately 60–80% of the product recovered in urine following midazolam dosing.","{""section"": ""INTRO""}"
claim,C-MIDAZOLAM-ANALYTICAL_METHOD-P5,midazolam,analytical_method,analytical,2,NEEDS_REVIEW,B,SRC-PMC12522756,10.1186/s40360-025-00993-1,https://pmc.ncbi.nlm.nih.gov/articles/PMC12522756/,METHODS,openReuse,"Midazolam; diazepam, which was used as an internal standard (IS) for measuring the midazolam concentration using high-performance liquid chromatography (HPLC); and potassium dihydrogen phosphate solution were obtained from Wako Pure Chemical Industries (Osaka, Japan).","{""section"": ""METHODS""}"
claim,C-MIDAZOLAM-REPORTED_CONCENTRATION-P5,midazolam,reported_concentration,scientific,2,NEEDS_REVIEW,B,SRC-PMC13331822,10.1007/s12024-025-01081-w,https://pmc.ncbi.nlm.nih.gov/articles/PMC13331822/,RESULTS,openReuse,"Case 3 exhibited the highest Midazolam concentration, reaching 4780 ng/g in liver.","{""section"": ""RESULTS"", ""specimen"": [""liver""], ""context"": ""case report / series (see source)"", ""not_a_threshold"": true}"
claim,C-FLUNITRAZEPAM-ANALYTICAL_METHOD-P5,flunitrazepam,analytical_method,analytical,2,NEEDS_REVIEW,B,SRC-PMC9245979,10.1080/20961790.2020.1824600,https://pmc.ncbi.nlm.nih.gov/articles/PMC9245979/,ABSTRACT,openReuse,A method using LC–MS/MS to quantify flunitrazepam and its metabolite was described.,"{""section"": ""ABSTRACT""}"
claim,C-PHENAZEPAM-METABOLISM_NOTE-P5,phenazepam,metabolism_note,scientific,2,NEEDS_REVIEW,C,SRC-PMC8230725,10.3390/ph14060560,https://pmc.ncbi.nlm.nih.gov/articles/PMC8230725/,RESULTS,openReuse,It is metabolized to the active metabolite 3-hydroxyphenazepam by different isoforms of CYP450.,"{""section"": ""RESULTS""}"
claim,C-PHENAZEPAM-REPORTED_CONCENTRATION-P5,phenazepam,reported_concentration,scientific,2,NEEDS_REVIEW,C,SRC-PMC8230725,10.3390/ph14060560,https://pmc.ncbi.nlm.nih.gov/articles/PMC8230725/,RESULTS,openReuse,Heide et al. reported one additional DUID of a young driver submitted for CTI who also had a phenazepam blood concentration of 120 ng/mL.,"{""section"": ""RESULTS"", ""specimen"": [""blood""], ""context"": ""drivers (DUID)"", ""not_a_threshold"": true}"
claim,C-ETIZOLAM-METABOLISM_NOTE-P5,etizolam,metabolism_note,scientific,2,NEEDS_REVIEW,D,SRC-PMC7417405,10.1007/s00414-020-02352-7,https://pmc.ncbi.nlm.nih.gov/articles/PMC7417405/,INTRO,openReuse,"Alpha-hydroxyetizolam is an active metabolite that is eliminated slowly, with a half-life of 8 h.","{""section"": ""INTRO""}"
claim,C-ETIZOLAM-ANALYTICAL_METHOD-P5,etizolam,analytical_method,analytical,2,NEEDS_REVIEW,B,SRC-PMC10801481,10.3390/pharmacy12010013,https://pmc.ncbi.nlm.nih.gov/articles/PMC10801481/,DISCUSS,openReuse,"Here, the empirical analyses of various etizolam tablet batches revealed that while quantification and mass spectrometry (MS) methods consistently identified etizolam in all the tablet batches, UHPLC-MS showed notable commonalities in terms of eluted peak areas across these batches.","{""section"": ""DISCUSS""}"
claim,C-ETIZOLAM-REPORTED_CONCENTRATION-P5,etizolam,reported_concentration,scientific,2,NEEDS_REVIEW,C,SRC-PMC8230725,10.3390/ph14060560,https://pmc.ncbi.nlm.nih.gov/articles/PMC8230725/,RESULTS,openReuse,"In these nine cases, etizolam was detected in peripheral blood at concentrations of 1–237 ng/mL.","{""section"": ""RESULTS"", ""specimen"": [""peripheral blood"", ""blood""], ""context"": ""case report / series (see source)"", ""not_a_threshold"": true}"
claim,C-BROMAZOLAM-REPORTED_CONCENTRATION-P5,bromazolam,reported_concentration,scientific,2,NEEDS_REVIEW,B,SRC-PMC13040413,10.1002/dta.70045,https://pmc.ncbi.nlm.nih.gov/articles/PMC13040413/,ABSTRACT,openReuse,"Bromazolam was implicated in causing death in 82.8% of cases, with a median post‐mortem blood concentration of 43 ng/mL.","{""section"": ""ABSTRACT"", ""specimen"": [""blood""], ""context"": ""postmortem / fatal cases"", ""not_a_threshold"": true}"
claim,C-FLUALPRAZOLAM-ANALYTICAL_METHOD-P5,flualprazolam,analytical_method,analytical,2,NEEDS_REVIEW,D,SRC-PMC9715448,10.1007/s11419-021-00591-w,https://pmc.ncbi.nlm.nih.gov/articles/PMC9715448/,RESULTS,openReuse,"In postmortem femoral blood, flualprazolam (21.9 ng/mL), its metabolite hydroxyflualprazolam, bromazepam and flumazenil as well as tilidine and nortilidine were detected by LC–MS/MS.","{""section"": ""RESULTS""}"
claim,C-FLUALPRAZOLAM-REPORTED_CONCENTRATION-P5,flualprazolam,reported_concentration,scientific,2,NEEDS_REVIEW,D,SRC-PMC9715448,10.1007/s11419-021-00591-w,https://pmc.ncbi.nlm.nih.gov/articles/PMC9715448/,RESULTS,openReuse,"In postmortem femoral blood, flualprazolam (21.9 ng/mL), its metabolite hydroxyflualprazolam, bromazepam and flumazenil as well as tilidine and nortilidine were detected by LC–MS/MS.","{""section"": ""RESULTS"", ""specimen"": [""femoral blood"", ""blood""], ""context"": ""postmortem / fatal cases"", ""not_a_threshold"": true}"
claim,C-ZOLPIDEM-METABOLISM_NOTE-P5,zolpidem,metabolism_note,scientific,2,NEEDS_REVIEW,B,SRC-PMC8476623,10.1038/s41598-021-98689-z,https://pmc.ncbi.nlm.nih.gov/articles/PMC8476623/,INTRO,openReuse,"Zolpidem is metabolized mainly by cytochrome P450 (CYP) 3A4 (61%), CYP2C9 (22%), CYP1A2 (14%), and CYP2D6 (2.5%).","{""section"": ""INTRO""}"
claim,C-ZOLPIDEM-ANALYTICAL_METHOD-P5,zolpidem,analytical_method,analytical,2,NEEDS_REVIEW,B,SRC-PMC11173445,10.3390/molecules29112490,https://pmc.ncbi.nlm.nih.gov/articles/PMC11173445/,INTRO,openReuse,"Several analytical methods have been reported for the quantification of zolpidem in blood, including HPLC with fluorescence detection, HPLC-DAD, GC/MS, GC/MS/MS, LC/MS, UPLC/MS, LC/MS/MS, and UHPLC-MS/MS.","{""section"": ""INTRO""}"
claim,C-ZOLPIDEM-REPORTED_CONCENTRATION-P5,zolpidem,reported_concentration,scientific,2,NEEDS_REVIEW,B,SRC-PMC11173445,10.3390/molecules29112490,https://pmc.ncbi.nlm.nih.gov/articles/PMC11173445/,DISCUSS,openReuse,"In our series, the cause of death was determined to be “drug poisoning suicide” in 50% of cases (cases 2, 3, 4, 6, and 9) and the zolpidem concentration in plasma ranged from 0.25 µg/mL to >ULOQ, except for case 9 in which zolpidem was detected in gastric contents but not in plasma.","{""section"": ""DISCUSS"", ""specimen"": [""plasma"", ""gastric contents""], ""context"": ""postmortem / fatal cases"", ""not_a_threshold"": true}"
claim,C-ZOPICLONE-METABOLISM_NOTE-P5,zopiclone,metabolism_note,scientific,2,NEEDS_REVIEW,B,SRC-PMC12497745,10.3389/fpsyt.2025.1664678,https://pmc.ncbi.nlm.nih.gov/articles/PMC12497745/,INTRO,openReuse,"For example, zopiclone is metabolized by the CYP3A4 enzyme, which may compete CYP3A4 metabolic enzymes with clozapine, influence clozapine clearance in schizophrenia patients.","{""section"": ""INTRO""}"
claim,C-PHENOBARBITAL-ANALYTICAL_METHOD-P5,phenobarbital,analytical_method,analytical,2,NEEDS_REVIEW,B,SRC-PMC8942540,10.1080/20961790.2019.1659474,https://pmc.ncbi.nlm.nih.gov/articles/PMC8942540/,DISCUSS,openReuse,"Montesano et al. reported a method for targeted analysis of 96 drugs, including phenobarbital and thiopental, in hair samples by UHPLC-MS/MS.","{""section"": ""DISCUSS""}"
claim,C-PENTOBARBITAL-METABOLISM_NOTE-P5,pentobarbital,metabolism_note,scientific,2,NEEDS_REVIEW,B,SRC-PMC2575601,10.1186/cc6999,https://pmc.ncbi.nlm.nih.gov/articles/PMC2575601/,DISCUSS,openReuse,"Therefore, pentobarbital is an active metabolite of thiopental.","{""section"": ""DISCUSS""}"
claim,C-PENTOBARBITAL-ANALYTICAL_METHOD-P5,pentobarbital,analytical_method,analytical,2,NEEDS_REVIEW,B,SRC-PMC8942540,10.1080/20961790.2019.1659474,https://pmc.ncbi.nlm.nih.gov/articles/PMC8942540/,ABSTRACT,openReuse,The present method involved two UHPLC conditions for determination of barbiturates (I) and identification of the structural isomers amobarbital and pentobarbital (II).,"{""section"": ""ABSTRACT""}"
claim,C-AMITRIPTYLINE-METABOLISM_NOTE-P5,amitriptyline,metabolism_note,scientific,2,NEEDS_REVIEW,B,SRC-PMC13206195,10.1002/bcp.70415,https://pmc.ncbi.nlm.nih.gov/articles/PMC13206195/,ABSTRACT,openReuse,"Pharmacokinetic sampling was performed for CBD, amitriptyline, tramadol and their respective active metabolites nortriptyline and O‐desmethyltramadol for up to 24 h post‐dose.","{""section"": ""ABSTRACT""}"
claim,C-AMITRIPTYLINE-ANALYTICAL_METHOD-P5,amitriptyline,analytical_method,analytical,2,NEEDS_REVIEW,B,SRC-PMC13206195,10.1002/bcp.70415,https://pmc.ncbi.nlm.nih.gov/articles/PMC13206195/,METHODS,openReuse,"Concentrations of amitriptyline, nortriptyline, tramadol and O‐desmethyltramadol were determined using a validated assay that was based on a previously published high‐performance liquid chromatography tandem mass spectrometry (HPLC‐MS/MS) method.","{""section"": ""METHODS""}"
claim,C-AMITRIPTYLINE-REPORTED_CONCENTRATION-P5,amitriptyline,reported_concentration,scientific,2,NEEDS_REVIEW,B,SRC-PMC12000722,10.1093/jat/bkaf017,https://pmc.ncbi.nlm.nih.gov/articles/PMC12000722/,ABSTRACT,openReuse,"In 42 cases, where both drugs were detected, the 10–90 percentiles in brain tissue ranged from 0.17–9.1 mg/kg (median: 0.78 mg/kg) for amitriptyline and 0.22–5.0 mg/kg (median: 1.43 mg/kg) for nortriptyline across all classes.","{""section"": ""ABSTRACT"", ""specimen"": [""brain""], ""context"": ""case report / series (see source)"", ""not_a_threshold"": true}"
claim,C-NORTRIPTYLINE-METABOLISM_NOTE-P5,nortriptyline,metabolism_note,scientific,2,NEEDS_REVIEW,B,SRC-PMC12000722,10.1093/jat/bkaf017,https://pmc.ncbi.nlm.nih.gov/articles/PMC12000722/,ABSTRACT,openReuse,"A median brain–blood ratio of 3.4 was found for amitriptyline, 8.5 for nortriptyline as a metabolite of amitriptyline and 9.7 for nortriptyline as an individual ingested drug.","{""section"": ""ABSTRACT""}"
claim,C-NORTRIPTYLINE-ANALYTICAL_METHOD-P5,nortriptyline,analytical_method,analytical,2,NEEDS_REVIEW,B,SRC-PMC9856149,10.3390/bios13010139,https://pmc.ncbi.nlm.nih.gov/articles/PMC9856149/,INTRO,openReuse,"The function of the proposed system was evaluated for the determination of amitriptyline (Ami), nortriptyline (Nor), imipramine (Imi), desipramine (Des), maprotiline (Map), and sertraline (Ser) using gas chromatography–mass spectrometry (GC–MS) in bone marrow aspirate, urine, plasma, and well water samples.","{""section"": ""INTRO""}"
claim,C-NORTRIPTYLINE-REPORTED_CONCENTRATION-P5,nortriptyline,reported_concentration,scientific,2,NEEDS_REVIEW,B,SRC-PMC12000722,10.1093/jat/bkaf017,https://pmc.ncbi.nlm.nih.gov/articles/PMC12000722/,ABSTRACT,openReuse,"In 42 cases, where both drugs were detected, the 10–90 percentiles in brain tissue ranged from 0.17–9.1 mg/kg (median: 0.78 mg/kg) for amitriptyline and 0.22–5.0 mg/kg (median: 1.43 mg/kg) for nortriptyline across all classes.","{""section"": ""ABSTRACT"", ""specimen"": [""brain""], ""context"": ""case report / series (see source)"", ""not_a_threshold"": true}"
claim,C-IMIPRAMINE-METABOLISM_NOTE-P5,imipramine,metabolism_note,scientific,2,NEEDS_REVIEW,B,SRC-PMC5942791,10.1371/journal.pone.0195776,https://pmc.ncbi.nlm.nih.gov/articles/PMC5942791/,INTRO,openReuse,"Effects on low-back pain and experimental pain (QST) were analyzed separately for genetic polymorphisms of cytochrome P450 2D6 (CYP2D6), the major metabolic pathway of imipramine.","{""section"": ""INTRO""}"
claim,C-IMIPRAMINE-ANALYTICAL_METHOD-P5,imipramine,analytical_method,analytical,2,NEEDS_REVIEW,B,SRC-PMC9856149,10.3390/bios13010139,https://pmc.ncbi.nlm.nih.gov/articles/PMC9856149/,INTRO,openReuse,"The function of the proposed system was evaluated for the determination of amitriptyline (Ami), nortriptyline (Nor), imipramine (Imi), desipramine (Des), maprotiline (Map), and sertraline (Ser) using gas chromatography–mass spectrometry (GC–MS) in bone marrow aspirate, urine, plasma, and well water samples.","{""section"": ""INTRO""}"
claim,C-DOXEPIN-METABOLISM_NOTE-P5,doxepin,metabolism_note,scientific,2,NEEDS_REVIEW,B,SRC-PMC12999657,10.1007/s12272-026-01600-5,https://pmc.ncbi.nlm.nih.gov/articles/PMC12999657/,ABSTRACT,openReuse,"The present study aimed to develop and validate physiologically based pharmacokinetic (PBPK) models of doxepin and its active metabolite, N-desmethyldoxepin, incorporating CYP2D6 genetic polymorphisms to support precision pharmacotherapy.","{""section"": ""ABSTRACT""}"
claim,C-CITALOPRAM-METABOLISM_NOTE-P5,citalopram,metabolism_note,scientific,2,NEEDS_REVIEW,B,SRC-PMC6389830,10.3389/fphar.2019.00099,https://pmc.ncbi.nlm.nih.gov/articles/PMC6389830/,INTRO,openReuse,Es/citalopram is primarily metabolized by the hepatic CYP2C19 enzyme.,"{""section"": ""INTRO""}"
claim,C-CITALOPRAM-ANALYTICAL_METHOD-P5,citalopram,analytical_method,analytical,2,NEEDS_REVIEW,D,SRC-PMC9415759,10.3390/toxics10080486,https://pmc.ncbi.nlm.nih.gov/articles/PMC9415759/,RESULTS,openReuse,"Acetaminophen, citalopram and trazodone were detected in peripheral blood and urine using a non-targeted analysis performed by GC-MS.","{""section"": ""RESULTS""}"
claim,C-CITALOPRAM-REPORTED_CONCENTRATION-P5,citalopram,reported_concentration,scientific,2,NEEDS_REVIEW,D,SRC-PMC9415759,10.3390/toxics10080486,https://pmc.ncbi.nlm.nih.gov/articles/PMC9415759/,DISCUSS,openReuse,"Moore et al. reported a fatal case due to metaxalone and gabapentin intoxication, in which acetaminophen and citalopram were detected together with the latter compounds in heart blood at the concentrations of 97 mg/L and 0.4 mg/L, respectively.","{""section"": ""DISCUSS"", ""specimen"": [""cardiac blood"", ""blood""], ""context"": ""postmortem / fatal cases"", ""not_a_threshold"": true}"
claim,C-SERTRALINE-METABOLISM_NOTE-P5,sertraline,metabolism_note,scientific,2,NEEDS_REVIEW,B,SRC-PMC13252811,10.1371/journal.pone.0351241,https://pmc.ncbi.nlm.nih.gov/articles/PMC13252811/,INTRO,openReuse,"In vitro data support the contribution of several enzymes to its biotransformation, including CYP2B6, CYP2C19, CYP3A4, CYP2C9, and CYP2D6, reflecting a distributed metabolic pathway, including the formation of N-desmethylsertraline (N-SER), a metabolite not considered clinically active.","{""section"": ""INTRO""}"
claim,C-SERTRALINE-ANALYTICAL_METHOD-P5,sertraline,analytical_method,analytical,2,NEEDS_REVIEW,B,SRC-PMC9950877,10.1002/prp2.1065,https://pmc.ncbi.nlm.nih.gov/articles/PMC9950877/,METHODS,openReuse,"All sertraline concentrations were determined in the same laboratory by high‐pressure liquid chromatography with ultraviolet detection (HPLC/UV); unfortunately, no concentrations of the metabolite desmethylsertraline were available.","{""section"": ""METHODS""}"
claim,C-FLUOXETINE-METABOLISM_NOTE-P5,fluoxetine,metabolism_note,scientific,2,NEEDS_REVIEW,B,SRC-PMC12845259,10.3390/pharmaceutics18010041,https://pmc.ncbi.nlm.nih.gov/articles/PMC12845259/,INTRO,openReuse,"Fluoxetine is primarily metabolized to its active metabolite, N-desmethylfluoxetine (norfluoxetine), mainly by the CYP2D6 enzyme, and to a lesser extent by CYP2C9 and CYP2C19.","{""section"": ""INTRO""}"
claim,C-FLUOXETINE-ANALYTICAL_METHOD-P5,fluoxetine,analytical_method,analytical,2,NEEDS_REVIEW,B,SRC-PMC11477725,10.3390/molecules29194588,https://pmc.ncbi.nlm.nih.gov/articles/PMC11477725/,INTRO,openReuse,"For instance, Li Y et al. devised an LC-MS-MS method to quantify fluoxetine levels in human plasma.","{""section"": ""INTRO""}"
claim,C-VENLAFAXINE-METABOLISM_NOTE-P5,venlafaxine,metabolism_note,scientific,2,NEEDS_REVIEW,B,SRC-PMC12944365,10.3390/ph19020209,https://pmc.ncbi.nlm.nih.gov/articles/PMC12944365/,INTRO,openReuse,"Venlafaxine undergoes metabolism, primarily through CYP2D6-mediated O-demethylation to the pharmacologically active metabolite O-desmethylvenlafaxine (ODV).","{""section"": ""INTRO""}"
claim,C-VENLAFAXINE-ANALYTICAL_METHOD-P5,venlafaxine,analytical_method,analytical,2,NEEDS_REVIEW,B,SRC-PMC10053335,10.3390/metabo13030353,https://pmc.ncbi.nlm.nih.gov/articles/PMC10053335/,INTRO,openReuse,"A second step involved a non-targeted approach using LC-HRMS, allowing for an exhaustive annotation and semi-quantification of numerous metabolites of venlafaxine, a prior step to establish their kinetic profile.","{""section"": ""INTRO""}"
claim,C-MIRTAZAPINE-METABOLISM_NOTE-P5,mirtazapine,metabolism_note,scientific,2,NEEDS_REVIEW,B,SRC-PMC6270698,10.3390/molecules19044907,https://pmc.ncbi.nlm.nih.gov/articles/PMC6270698/,INTRO,openReuse,Major pathways of biotransformation of MRT were demethylation with the formation of N-demethylmirtazapine (DMR) and hydroxylation with the formation of 8-hydroxymirtazapine (8-OHM) followed by conjugation in humans.,"{""section"": ""INTRO""}"
claim,C-TRAZODONE-METABOLISM_NOTE-P5,trazodone,metabolism_note,scientific,2,NEEDS_REVIEW,B,SRC-PMC12931868,10.1097/JCP.0000000000002123,https://pmc.ncbi.nlm.nih.gov/articles/PMC12931868/,ABSTRACT,openReuse,"Trazodone is metabolized by CYP3A4 to the active metabolite meta-chlorophenylpiperazine (mCPP), which is associated with various adverse drug reactions (ADRs). mCPP is further inactivated by CYP2D6.","{""section"": ""ABSTRACT""}"
claim,C-TRAZODONE-ANALYTICAL_METHOD-P5,trazodone,analytical_method,analytical,2,NEEDS_REVIEW,D,SRC-PMC9415759,10.3390/toxics10080486,https://pmc.ncbi.nlm.nih.gov/articles/PMC9415759/,RESULTS,openReuse,"Acetaminophen, citalopram and trazodone were detected in peripheral blood and urine using a non-targeted analysis performed by GC-MS.","{""section"": ""RESULTS""}"
claim,C-BUPROPION-METABOLISM_NOTE-P5,bupropion,metabolism_note,scientific,2,NEEDS_REVIEW,B,SRC-PMC4788153,10.1371/journal.pone.0150955,https://pmc.ncbi.nlm.nih.gov/articles/PMC4788153/,DISCUSS,openReuse,Bupropion and its main metabolite hydroxybupropion were analyzed stereoselectively in the present study to determine the effect of MDMA on bupropion`s complex and stereoselective metabolism and possible correlations with CYP2D6 inhibition.,"{""section"": ""DISCUSS""}"
claim,C-OLANZAPINE-METABOLISM_NOTE-P5,olanzapine,metabolism_note,scientific,2,NEEDS_REVIEW,D,SRC-PMC12287053,10.3389/fpsyt.2025.1633198,https://pmc.ncbi.nlm.nih.gov/articles/PMC12287053/,INTRO,openReuse,Olanzapine is primarily metabolized by the cytochrome P450 enzyme CYP1A2 or via direct glucuronidation.,"{""section"": ""INTRO""}"
claim,C-OLANZAPINE-ANALYTICAL_METHOD-P5,olanzapine,analytical_method,analytical,2,NEEDS_REVIEW,B,SRC-PMC10310574,10.1007/s11419-023-00662-0,https://pmc.ncbi.nlm.nih.gov/articles/PMC10310574/,ABSTRACT,openReuse,"To our knowledge, this is the first report on the quantification of metabolites of olanzapine in the authentic human body fluids by LC–MS/MS as well as on the confirmation of in vitro reduction from NO-O to OLZ in whole blood that seems to have induced the quick decrease of NO-O.","{""section"": ""ABSTRACT""}"
claim,C-OLANZAPINE-REPORTED_CONCENTRATION-P5,olanzapine,reported_concentration,scientific,2,NEEDS_REVIEW,B,SRC-PMC7644715,10.1038/s41598-020-75356-3,https://pmc.ncbi.nlm.nih.gov/articles/PMC7644715/,DISCUSS,openReuse,Another study examined 58 post-mortem blood specimens and found a mean olanzapine concentration of 358 ng/ml with a range of 10 to 5200 ng/ml.,"{""section"": ""DISCUSS"", ""specimen"": [""blood""], ""context"": ""postmortem / fatal cases"", ""not_a_threshold"": true}"
claim,C-QUETIAPINE-METABOLISM_NOTE-P5,quetiapine,metabolism_note,scientific,2,NEEDS_REVIEW,D,SRC-PMC8233787,10.3390/ijms22126480,https://pmc.ncbi.nlm.nih.gov/articles/PMC8233787/,ABSTRACT,openReuse,"However, there is recent evidence supporting the idea of CYP2D6 playing a role in the clearance of the quetiapine active metabolite norquetiapine.","{""section"": ""ABSTRACT""}"
claim,C-QUETIAPINE-ANALYTICAL_METHOD-P5,quetiapine,analytical_method,analytical,2,NEEDS_REVIEW,B,SRC-PMC11269378,10.1007/s11419-024-00687-z,https://pmc.ncbi.nlm.nih.gov/articles/PMC11269378/,DISCUSS,openReuse,"To our knowledge, the present method is the only GC–MS method that simultaneously identifies quetiapine along with its two metabolites (7-hydroxy-quetiapine and nor-quetiapine) in blood and in vitreous humor.","{""section"": ""DISCUSS""}"
claim,C-CLOZAPINE-METABOLISM_NOTE-P5,clozapine,metabolism_note,scientific,2,NEEDS_REVIEW,B,SRC-PMC12308912,10.1002/pcn5.70164,https://pmc.ncbi.nlm.nih.gov/articles/PMC12308912/,ABSTRACT,openReuse,"The plasma concentrations of clozapine and its two major metabolites, N‐desmethylclozapine and clozapine‐N‐oxide, showed significant positive correlations with the daily dose.","{""section"": ""ABSTRACT""}"
claim,C-CLOZAPINE-ANALYTICAL_METHOD-P5,clozapine,analytical_method,analytical,2,NEEDS_REVIEW,B,SRC-PMC7858600,10.1038/s41598-021-82667-6,https://pmc.ncbi.nlm.nih.gov/articles/PMC7858600/,INTRO,openReuse,"In this study, we used MALDI IMS in combination with quantitative LC–MS time of flight analysis to investigate the localisation and distribution of clozapine and dopamine in brain regions and peripheral organs.","{""section"": ""INTRO""}"
claim,C-CLOZAPINE-REPORTED_CONCENTRATION-P5,clozapine,reported_concentration,scientific,2,NEEDS_REVIEW,B,SRC-PMC5107233,10.1155/2016/5606098,https://pmc.ncbi.nlm.nih.gov/articles/PMC5107233/,ABSTRACT,openReuse,"The postmortem femoral clozapine plasma level was dramatically elevated at 2900 ng/mL, and the cause of death was listed as acute clozapine toxicity.","{""section"": ""ABSTRACT"", ""specimen"": [""femoral blood"", ""plasma""], ""context"": ""postmortem / fatal cases"", ""not_a_threshold"": true}"
claim,C-HALOPERIDOL-METABOLISM_NOTE-P5,haloperidol,metabolism_note,scientific,2,NEEDS_REVIEW,B,SRC-PMC9506126,10.3390/pharmaceutics14091795,https://pmc.ncbi.nlm.nih.gov/articles/PMC9506126/,INTRO,openReuse,"Hepatic glucuronidation, reduction, and cytochrome P450 (CYP)-mediated oxidation are the major metabolic biotransformation pathways for haloperidol.","{""section"": ""INTRO""}"
claim,C-HALOPERIDOL-ANALYTICAL_METHOD-P5,haloperidol,analytical_method,analytical,2,NEEDS_REVIEW,B,SRC-PMC9506126,10.3390/pharmaceutics14091795,https://pmc.ncbi.nlm.nih.gov/articles/PMC9506126/,RESULTS,openReuse,Cheng and his colleagues (1987) studied haloperidol PK profile in psychotic males and females between 20 and 43 years of age and used the HPLC technique to detect the serum concentration.,"{""section"": ""RESULTS""}"
claim,C-RISPERIDONE-METABOLISM_NOTE-P5,risperidone,metabolism_note,scientific,2,NEEDS_REVIEW,B,SRC-PMC7417932,10.3389/fphar.2020.00936,https://pmc.ncbi.nlm.nih.gov/articles/PMC7417932/,INTRO,openReuse,"Risperidone (RIS) is an atypical antipsychotic (AAP) drug that is prescribed for the treatment of autism, schizophrenia, and acute bipolar mania, which is metabolized by the CYP2D6 enzyme in the liver to its major active metabolite, 9-hydroxyrisperidone (9-OH-RIS, also known as paliperidone).","{""section"": ""INTRO""}"
claim,C-CHLORPROMAZINE-ANALYTICAL_METHOD-P5,chlorpromazine,analytical_method,analytical,2,NEEDS_REVIEW,B,SRC-PMC10004700,10.3390/molecules28052030,https://pmc.ncbi.nlm.nih.gov/articles/PMC10004700/,INTRO,openReuse,"We previously developed and validated an analytic method to determine the antipsychotics chlorpromazine, levomepromazine, cyamemazine, clozapine, haloperidol, and quetiapine using DSS and GC-MS/MS.","{""section"": ""INTRO""}"
claim,C-CARBAMAZEPINE-METABOLISM_NOTE-P5,carbamazepine,metabolism_note,scientific,2,NEEDS_REVIEW,B,SRC-PMC7922031,10.3390/pharmaceutics13020270,https://pmc.ncbi.nlm.nih.gov/articles/PMC7922031/,INTRO,openReuse,"Furthermore, carbamazepine itself is also metabolized by the respective enzymes, with metabolism via CYP3A4 to the pharmacologically active metabolite carbamazepine-10,11-epoxide as one of the main routes of elimination.","{""section"": ""INTRO""}"
claim,C-CARBAMAZEPINE-ANALYTICAL_METHOD-P5,carbamazepine,analytical_method,analytical,2,NEEDS_REVIEW,B,SRC-PMC11803175,10.1016/j.toxrep.2025.101923,https://pmc.ncbi.nlm.nih.gov/articles/PMC11803175/,ABSTRACT,openReuse,A novel HPLC-HRMS method quantified carbamazepine in human cadaveric liver samples.,"{""section"": ""ABSTRACT""}"
claim,C-VALPROIC-ACID-METABOLISM_NOTE-P5,valproic-acid,metabolism_note,scientific,2,NEEDS_REVIEW,B,SRC-PMC9068565,10.1016/j.jsps.2022.02.004,https://pmc.ncbi.nlm.nih.gov/articles/PMC9068565/,INTRO,openReuse,"Valproic acid is extensively metabolized by microsomal glucuronide conjugation, mitochondrial beta-oxidation, and cytochrome P450 (CYP450) isoenzymes.","{""section"": ""INTRO""}"
claim,C-VALPROIC-ACID-ANALYTICAL_METHOD-P5,valproic-acid,analytical_method,analytical,2,NEEDS_REVIEW,D,SRC-PMC8062144,10.1007/s00414-021-02583-2,https://pmc.ncbi.nlm.nih.gov/articles/PMC8062144/,RESULTS,openReuse,Valproic acid determination was performed by GC–MS after liquid/liquid extraction of 2 mL of samples in acidic conditions with ethyl acetate.,"{""section"": ""RESULTS""}"
claim,C-LAMOTRIGINE-ANALYTICAL_METHOD-P5,lamotrigine,analytical_method,analytical,2,NEEDS_REVIEW,B,SRC-PMC11953093,10.1007/s12024-024-00812-9,https://pmc.ncbi.nlm.nih.gov/articles/PMC11953093/,ABSTRACT,openReuse,A new HPLC method for the determination of lamotrigine in human plasma was developed and validated.,"{""section"": ""ABSTRACT""}"
claim,C-LAMOTRIGINE-REPORTED_CONCENTRATION-P5,lamotrigine,reported_concentration,scientific,2,NEEDS_REVIEW,D,SRC-PMC4673960,,https://pmc.ncbi.nlm.nih.gov/articles/PMC4673960/,INTRO,openReuse,One case of death due to complete heart block (with 4 g lamotrigine) and one case of choreiform dyskinesia (with lamotrigine serum level of 63.9 μg/mL) after lamotrigine overdose have been reported.,"{""section"": ""INTRO"", ""specimen"": [""serum""], ""context"": ""postmortem / fatal cases"", ""not_a_threshold"": true}"
claim,C-PHENYTOIN-METABOLISM_NOTE-P5,phenytoin,metabolism_note,scientific,2,NEEDS_REVIEW,B,SRC-PMC10609929,10.3390/pharmaceutics15102486,https://pmc.ncbi.nlm.nih.gov/articles/PMC10609929/,INTRO,openReuse,Phenytoin is primarily metabolized via CYP2C9 (80–90%) and to a lesser extent via CYP2C19 (10–20%) to the inactive 5-(4′-hydroxyphenyl)-5-phenylhydantoin (p-HPPH).,"{""section"": ""INTRO""}"
claim,C-PHENYTOIN-ANALYTICAL_METHOD-P5,phenytoin,analytical_method,analytical,2,NEEDS_REVIEW,B,SRC-PMC5901821,10.1155/2018/8274131,https://pmc.ncbi.nlm.nih.gov/articles/PMC5901821/,ABSTRACT,openReuse,"This study develops and validates an LC-MS/MS method for the measurement of phenytoin concentrations in different body compartments (i.e., human brain dialysate, blood, and saliva) and compares it with a formerly developed GC-MS method that measures PHT in the same biological matrices.","{""section"": ""ABSTRACT""}"
claim,C-PHENYTOIN-REPORTED_CONCENTRATION-P5,phenytoin,reported_concentration,scientific,2,NEEDS_REVIEW,D,SRC-PMC4769050,10.11604/pamj.2015.22.297.7956,https://pmc.ncbi.nlm.nih.gov/articles/PMC4769050/,INTRO,openReuse,"This paper reports on phenytoin intoxication in a 36-year-old female patient having a serum phenytoin level of 124 ug/mL and no symptoms correlated with serum drug level, as supported by findings from the literature.","{""section"": ""INTRO"", ""specimen"": [""serum""], ""context"": ""clinical intoxication"", ""not_a_threshold"": true}"
claim,C-PREGABALIN-METABOLISM_NOTE-P5,pregabalin,metabolism_note,scientific,2,NEEDS_REVIEW,B,SRC-PMC11860030,10.3390/ph18020151,https://pmc.ncbi.nlm.nih.gov/articles/PMC11860030/,INTRO,openReuse,"Only a minor fraction of pregabalin is metabolized, as it is primarily eliminated by renal excretion unaltered.","{""section"": ""INTRO""}"
claim,C-PREGABALIN-ANALYTICAL_METHOD-P5,pregabalin,analytical_method,analytical,2,NEEDS_REVIEW,B,SRC-PMC12046110,10.1111/1556-4029.70028,https://pmc.ncbi.nlm.nih.gov/articles/PMC12046110/,METHODS,openReuse,"Toxicological analysis was performed using chromatographic methods (liquid chromatography – high‐resolution sequential mass spectrometry, HR‐LC–MS/MS) to screen for gabapentin and pregabalin.","{""section"": ""METHODS""}"
claim,C-PREGABALIN-REPORTED_CONCENTRATION-P5,pregabalin,reported_concentration,scientific,2,NEEDS_REVIEW,B,SRC-PMC11525243,10.1007/s12024-023-00694-3,https://pmc.ncbi.nlm.nih.gov/articles/PMC11525243/,DISCUSS,openReuse,"The average blood concentration of pregabalin in drug-related deaths was also similar to national and international data, with a mean of 16.3 mg/L reported between 2000 and 2020 in Australia.","{""section"": ""DISCUSS"", ""specimen"": [""blood""], ""context"": ""postmortem / fatal cases"", ""not_a_threshold"": true}"
claim,C-GABAPENTIN-METABOLISM_NOTE-P5,gabapentin,metabolism_note,scientific,2,NEEDS_REVIEW,B,SRC-PMC11666351,10.3389/fmed.2024.1488773,https://pmc.ncbi.nlm.nih.gov/articles/PMC11666351/,INTRO,openReuse,"Gabapentinoids are not metabolized by the liver; they are primarily eliminated by the kidneys in an unchanged form, with clearance proportional to the creatinine clearance.","{""section"": ""INTRO""}"
claim,C-GABAPENTIN-ANALYTICAL_METHOD-P5,gabapentin,analytical_method,analytical,2,NEEDS_REVIEW,B,SRC-PMC8635626,10.1080/20961790.2021.1991075,https://pmc.ncbi.nlm.nih.gov/articles/PMC8635626/,DISCUSS,openReuse,"At the time of the study, neither fentanyl nor gabapentin was included in the immunoassay-based urine drug screen used by the hospital.","{""section"": ""DISCUSS""}"
claim,C-PARACETAMOL-METABOLISM_NOTE-P5,paracetamol,metabolism_note,scientific,2,NEEDS_REVIEW,B,SRC-PMC9785892,10.3390/metabo12121235,https://pmc.ncbi.nlm.nih.gov/articles/PMC9785892/,ABSTRACT,openReuse,"Paracetamol is metabolized by cytochrome P450 (CYP) enzymes followed by conjugating enzymes to mainly glucuronide but to a lesser extent, sulphate metabolites, and oxidative metabolites.","{""section"": ""ABSTRACT""}"
claim,C-PARACETAMOL-ANALYTICAL_METHOD-P5,paracetamol,analytical_method,analytical,2,NEEDS_REVIEW,B,SRC-PMC8038326,10.3390/molecules26072046,https://pmc.ncbi.nlm.nih.gov/articles/PMC8038326/,INTRO,openReuse,The purpose of this study was to develop the multimatrix UHPLC-MS/MS method for the determination of paracetamol (APAP) and its metabolites—paracetamol glucuronide (PG) and paracetamol sulfate (PS).,"{""section"": ""INTRO""}"
claim,C-PARACETAMOL-REPORTED_CONCENTRATION-P5,paracetamol,reported_concentration,scientific,2,NEEDS_REVIEW,D,SRC-PMC9415759,10.3390/toxics10080486,https://pmc.ncbi.nlm.nih.gov/articles/PMC9415759/,DISCUSS,openReuse,"Moore et al. reported a fatal case due to metaxalone and gabapentin intoxication, in which acetaminophen and citalopram were detected together with the latter compounds in heart blood at the concentrations of 97 mg/L and 0.4 mg/L, respectively.","{""section"": ""DISCUSS"", ""specimen"": [""cardiac blood"", ""blood""], ""context"": ""postmortem / fatal cases"", ""not_a_threshold"": true}"
claim,C-SALICYLIC-ACID-METABOLISM_NOTE-P5,salicylic-acid,metabolism_note,scientific,2,NEEDS_REVIEW,B,SRC-PMC6035838,10.15698/mic2018.07.640,https://pmc.ncbi.nlm.nih.gov/articles/PMC6035838/,ABSTRACT,openReuse,Aspirin and its main metabolite salicylate are promising molecules in preventing cancer and metabolic diseases.,"{""section"": ""ABSTRACT""}"
claim,C-SALICYLIC-ACID-REPORTED_CONCENTRATION-P5,salicylic-acid,reported_concentration,scientific,2,NEEDS_REVIEW,D,SRC-PMC12414438,10.7759/cureus.89613,https://pmc.ncbi.nlm.nih.gov/articles/PMC12414438/,ABSTRACT,openReuse,"After the case conclusion, waste CSF was tested and the CSF salicylate concentration was 23 mg/dL; the corresponding CSF and serum glucose concentrations were 60 mg/dL (reference range: 50-75 mg/dL) and 87 mg/dL (reference range: 70-99 mg/dL), respectively.","{""section"": ""ABSTRACT"", ""specimen"": [""serum"", ""CSF""], ""context"": ""case report / series (see source)"", ""not_a_threshold"": true}"
claim,C-IBUPROFEN-METABOLISM_NOTE-P5,ibuprofen,metabolism_note,scientific,2,NEEDS_REVIEW,B,SRC-PMC10659733,10.1097/PR9.0000000000001113,https://pmc.ncbi.nlm.nih.gov/articles/PMC10659733/,INTRO,openReuse,Nonsteroidal anti-inflammatory drugs such as ibuprofen are primarily metabolized by CYP2C9 to inactive metabolites; SNPs affecting these genes can reduce ibuprofen clearance.,"{""section"": ""INTRO""}"
claim,C-IBUPROFEN-REPORTED_CONCENTRATION-P5,ibuprofen,reported_concentration,scientific,2,NEEDS_REVIEW,D,SRC-PMC1550881,10.1186/cc4850,https://pmc.ncbi.nlm.nih.gov/articles/PMC1550881/,DISCUSS,openReuse,"Additionally, post mortem ibuprofen concentrations of 942 mg/kg and 238 mg/kg were reported in liver extract in two cases.","{""section"": ""DISCUSS"", ""specimen"": [""liver""], ""context"": ""case report / series (see source)"", ""not_a_threshold"": true}"
claim,C-DIPHENHYDRAMINE-METABOLISM_NOTE-P5,diphenhydramine,metabolism_note,scientific,2,NEEDS_REVIEW,D,SRC-PMC5299161,10.1155/2017/3864236,https://pmc.ncbi.nlm.nih.gov/articles/PMC5299161/,DISCUSS,openReuse,"Diphenhydramine undergoes extensive first-pass metabolism, whereby 50–60% of ingested medication is metabolized by the liver before reaching the systemic circulation.","{""section"": ""DISCUSS""}"
claim,C-DIPHENHYDRAMINE-ANALYTICAL_METHOD-P5,diphenhydramine,analytical_method,analytical,2,NEEDS_REVIEW,B,SRC-PMC9321436,10.1371/journal.pone.0271794,https://pmc.ncbi.nlm.nih.gov/articles/PMC9321436/,RESULTS,openReuse,"Diphenhydramine was quantitatively analyzed in plasma samples using a targeted LC-MS/MS assay over 24 hours (representing three half-lives), Fig 1A, in an initial characterization of the cohort.","{""section"": ""RESULTS""}"
claim,C-DIPHENHYDRAMINE-REPORTED_CONCENTRATION-P5,diphenhydramine,reported_concentration,scientific,2,NEEDS_REVIEW,B,SRC-PMC8327444,10.1186/s40780-021-00215-w,https://pmc.ncbi.nlm.nih.gov/articles/PMC8327444/,ABSTRACT,openReuse,"The plasma diphenhydramine concentrations in case 1 were 977 and 425 ng/mL at 2.5 and 11.5 h after single oral overdose, and those in case 2 were 1320 and 475 ng/mL at 3 and 18 h after administration, respectively.","{""section"": ""ABSTRACT"", ""specimen"": [""plasma""], ""context"": ""clinical intoxication"", ""not_a_threshold"": true}"
claim,C-DIGOXIN-METABOLISM_NOTE-P5,digoxin,metabolism_note,scientific,2,NEEDS_REVIEW,C,SRC-PMC9941676,10.3389/fphar.2023.1040778,https://pmc.ncbi.nlm.nih.gov/articles/PMC9941676/,RESULTS,openReuse,"For example, digoxin can be partially metabolized by intestinal anaerobic bacteria, including Bifidobacterium after oral administration of non-cardiogenic dihydrodigoxin and dihydrodigoxin sapogenins, which decreases the plasma concentration of digoxin.","{""section"": ""RESULTS""}"
claim,C-DIGOXIN-ANALYTICAL_METHOD-P5,digoxin,analytical_method,analytical,2,NEEDS_REVIEW,B,SRC-PMC9916042,10.3390/ijms24031848,https://pmc.ncbi.nlm.nih.gov/articles/PMC9916042/,RESULTS,openReuse,Two separate sample preparations and HPLC-MS/MS procedures for sotalol and digoxin measurement were developed.,"{""section"": ""RESULTS""}"
claim,C-DIGOXIN-REPORTED_CONCENTRATION-P5,digoxin,reported_concentration,scientific,2,NEEDS_REVIEW,D,SRC-PMC12274681,10.1016/j.toxrep.2025.102079,https://pmc.ncbi.nlm.nih.gov/articles/PMC12274681/,DISCUSS,openReuse,"To the best of our knowledge, this is the first case report describing severe life-threatening digoxin toxicity with serum concentrations below 1.5 ng/ml, treated successfully with digoxin-specific antibody fragments.","{""section"": ""DISCUSS"", ""specimen"": [""serum""], ""context"": ""case report / series (see source)"", ""not_a_threshold"": true}"
claim,C-METFORMIN-ANALYTICAL_METHOD-P5,metformin,analytical_method,analytical,2,NEEDS_REVIEW,B,SRC-PMC9229792,10.3390/molecules27123850,https://pmc.ncbi.nlm.nih.gov/articles/PMC9229792/,ABSTRACT,openReuse,"We developed and validated a gas chromatography–mass spectrometry (GC–MS) method for the quantitative analysis of metformin (metformin-d0) in 10-µL aliquots of human serum and urine using N,N-[dimethylo-2H6]guanylguanidine (metformin-d6) as the internal standard.","{""section"": ""ABSTRACT""}"
claim,C-METFORMIN-REPORTED_CONCENTRATION-P5,metformin,reported_concentration,scientific,2,NEEDS_REVIEW,B,SRC-PMC3682281,10.1186/cc11663,https://pmc.ncbi.nlm.nih.gov/articles/PMC3682281/,ABSTRACT,openReuse,Platelets were also obtained from ten patients with lactic acidosis (arterial pH 6.97 ± 0.18 and lactate 16 ± 7 mmol/L) due to accidental metformin intoxication (serum drug level 32 ± 14 mg/L) and ten healthy volunteers of similar sex and age.,"{""section"": ""ABSTRACT"", ""specimen"": [""serum""], ""context"": ""clinical intoxication"", ""not_a_threshold"": true}"
claim,C-PROPRANOLOL-METABOLISM_NOTE-P5,propranolol,metabolism_note,scientific,2,NEEDS_REVIEW,B,SRC-PMC9267274,10.3390/ijms23137476,https://pmc.ncbi.nlm.nih.gov/articles/PMC9267274/,INTRO,openReuse,"Diverse metabolic pathways exist for propranolol, and glucuronidation by UGTs is one of the most important ones.","{""section"": ""INTRO""}"
claim,C-PROPRANOLOL-ANALYTICAL_METHOD-P5,propranolol,analytical_method,analytical,2,NEEDS_REVIEW,B,SRC-PMC4048194,10.1371/journal.pone.0097885,https://pmc.ncbi.nlm.nih.gov/articles/PMC4048194/,METHODS,openReuse,Propranolol plasma levels were measured using a high pressure liquid chromatography (HPLC)-assay.,"{""section"": ""METHODS""}"
claim,C-VERAPAMIL-METABOLISM_NOTE-P5,verapamil,metabolism_note,scientific,2,NEEDS_REVIEW,B,SRC-PMC4157014,,https://pmc.ncbi.nlm.nih.gov/articles/PMC4157014/,INTRO,openReuse,"CYP3A4 is the major enzyme responsible for N-demethylationand formation of the only active metabolite, norverapamil.","{""section"": ""INTRO""}"
claim,C-LIDOCAINE-METABOLISM_NOTE-P5,lidocaine,metabolism_note,scientific,2,NEEDS_REVIEW,B,SRC-PMC7913210,10.3390/pharmaceutics13020203,https://pmc.ncbi.nlm.nih.gov/articles/PMC7913210/,ABSTRACT,openReuse,"However, possible pharmacokinetic (PK) alterations of lidocaine and its active metabolites, monoethylglycylxylidide (MEGX) and glycylxylidide (GX), in hyaluronic acid injection have not been studied so far.","{""section"": ""ABSTRACT""}"
claim,C-LIDOCAINE-ANALYTICAL_METHOD-P5,lidocaine,analytical_method,analytical,2,NEEDS_REVIEW,B,SRC-PMC11564208,10.1007/s00604-024-06802-6,https://pmc.ncbi.nlm.nih.gov/articles/PMC11564208/,RESULTS,openReuse,Lidocaine in the test samples were also determined by LC–MS–MS for comparison.,"{""section"": ""RESULTS""}"
claim,C-XYLAZINE-METABOLISM_NOTE-P5,xylazine,metabolism_note,scientific,2,NEEDS_REVIEW,B,SRC-PMC12532626,10.1007/s00414-025-03562-7,https://pmc.ncbi.nlm.nih.gov/articles/PMC12532626/,INTRO,openReuse,There is limited data in the literature about the human metabolic pathways of xylazine.,"{""section"": ""INTRO""}"
claim,C-XYLAZINE-ANALYTICAL_METHOD-P5,xylazine,analytical_method,analytical,2,NEEDS_REVIEW,C,SRC-PMC10748319,10.3390/toxics11121012,https://pmc.ncbi.nlm.nih.gov/articles/PMC10748319/,INTRO,openReuse,It is no wonder that LC-MS/MS play a critical role in the identification of xylazine.,"{""section"": ""INTRO""}"
claim,C-LEVAMISOLE-METABOLISM_NOTE-P5,levamisole,metabolism_note,scientific,2,NEEDS_REVIEW,B,SRC-PMC4077236,10.1016/j.neuint.2013.11.010,https://pmc.ncbi.nlm.nih.gov/articles/PMC4077236/,ABSTRACT,openReuse,"Aminorex, a metabolite of levamisole, modulates neurotransmitter transporters directly.","{""section"": ""ABSTRACT""}"
claim,C-ALUMINIUM-PHOSPHIDE-METABOLISM_NOTE-P5,aluminium-phosphide,metabolism_note,scientific,2,NEEDS_REVIEW,B,SRC-PMC8926529,10.1155/2022/4985120,https://pmc.ncbi.nlm.nih.gov/articles/PMC8926529/,INTRO,openReuse,"After absorption in the liver, aluminum phosphide is metabolized, and its phosphine gas is slowly released, which can cause a delay in the emergence of the symptoms of intoxication.","{""section"": ""INTRO""}"
claim,C-PARAQUAT-ANALYTICAL_METHOD-P5,paraquat,analytical_method,analytical,2,NEEDS_REVIEW,B,SRC-PMC7822122,10.3390/diagnostics11010006,https://pmc.ncbi.nlm.nih.gov/articles/PMC7822122/,INTRO,openReuse,"Various methods of measuring paraquat concentration have been proposed, including high-performance liquid chromatography (HPLC)/mass spectrometry (MS), gas chromatography (GC)/MS, and photometry coupled with a sodium dithionite assay.","{""section"": ""INTRO""}"
claim,C-GLYPHOSATE-METABOLISM_NOTE-P5,glyphosate,metabolism_note,scientific,2,NEEDS_REVIEW,C,SRC-PMC8788447,10.3390/jox12010003,https://pmc.ncbi.nlm.nih.gov/articles/PMC8788447/,INTRO,openReuse,"AMPA is the major metabolite originating from glyphosate degradation; since its accumulation was also detected in various samples (e.g., soil, water, foodstuff, human bioaccumulation), understanding its toxicity and environmental persistence is as relevant as that of glyphosate.","{""section"": ""INTRO""}"
claim,C-GLYPHOSATE-ANALYTICAL_METHOD-P5,glyphosate,analytical_method,analytical,2,NEEDS_REVIEW,C,SRC-PMC8625783,10.3390/microorganisms9112322,https://pmc.ncbi.nlm.nih.gov/articles/PMC8625783/,INTRO,openReuse,"For the glyphosate and AMPA detection through HPLC analyses several aromatic reagents have been employed as derivatizing groups such as 2,5-dimethyl benzene sulfonyl chloride, p-toluenesulphonyl chloride, o-nitrobenzene-sulfonyl chloride, o-phthalaldehyde (OPA), 9-fuorenylmethylchoroformate (FMOC).","{""section"": ""INTRO""}"
claim,C-DIAZINON-METABOLISM_NOTE-P5,diazinon,metabolism_note,scientific,2,NEEDS_REVIEW,B,SRC-PMC9445152,10.3389/fmicb.2022.929147,https://pmc.ncbi.nlm.nih.gov/articles/PMC9445152/,INTRO,openReuse,"According to most reports to date, diazinon is usually hydrolyzed to diazoxon, a toxic metabolite, and 2-isopropyl-6-methyl-4-hydroxypyimidine (IMHP or oxypyrimidine), a persistent but less-toxic product.","{""section"": ""INTRO""}"
claim,C-DIAZINON-ANALYTICAL_METHOD-P5,diazinon,analytical_method,analytical,2,NEEDS_REVIEW,B,SRC-PMC12156338,10.3390/molecules30112382,https://pmc.ncbi.nlm.nih.gov/articles/PMC12156338/,ABSTRACT,openReuse,Diazinon exposure in four patients was confirmed using a validated gas chromatography–tandem mass spectrometry (GC-MS/MS) method with multiple reaction monitoring (MRM).,"{""section"": ""ABSTRACT""}"
claim,C-MALATHION-METABOLISM_NOTE-P5,malathion,metabolism_note,scientific,2,NEEDS_REVIEW,C,SRC-PMC1665422,10.1289/ehp.9062,https://pmc.ncbi.nlm.nih.gov/articles/PMC1665422/,INTRO,openReuse,The di- and monocarboxylic acid metabolites of malathion are unique to malathion exposures.,"{""section"": ""INTRO""}"
claim,C-MALATHION-ANALYTICAL_METHOD-P5,malathion,analytical_method,analytical,2,NEEDS_REVIEW,B,SRC-PMC4014508,10.1371/journal.pone.0096493,https://pmc.ncbi.nlm.nih.gov/articles/PMC4014508/,RESULTS,openReuse,"Therefore, malathion and chlorpyrifos were further confirmed on GC-MS (Fig.","{""section"": ""RESULTS""}"
claim,C-PARATHION-METABOLISM_NOTE-P5,parathion,metabolism_note,scientific,2,NEEDS_REVIEW,B,SRC-PMC4195395,10.1155/2014/404236,https://pmc.ncbi.nlm.nih.gov/articles/PMC4195395/,DISCUSS,openReuse,Rojas-García et al. reported the dose dependent increase in micronucleus in peripheral human blood lymphocytes with paraoxon (an active metabolite of parathion).,"{""section"": ""DISCUSS""}"
claim,C-CARBOFURAN-ANALYTICAL_METHOD-P5,carbofuran,analytical_method,analytical,2,NEEDS_REVIEW,B,SRC-PMC8989696,10.1016/j.toxrep.2022.03.046,https://pmc.ncbi.nlm.nih.gov/articles/PMC8989696/,INTRO,openReuse,The gas chromatographic–tandem mass spectrometric method (GC-MS/MS) was employed for the determination of carbofuran and its distal metabolites in applicators’ urine as well as the determination of 3-hydroxy carbofuran in maternal urine.,"{""section"": ""INTRO""}"
claim,C-ALDICARB-METABOLISM_NOTE-P5,aldicarb,metabolism_note,scientific,2,NEEDS_REVIEW,B,SRC-PMC13136561,10.1042/BSR20254091,https://pmc.ncbi.nlm.nih.gov/articles/PMC13136561/,INTRO,openReuse,"The natural detoxification process of aldicarb in humans is that aldicarb is metabolized into various metabolites, primarily aldicarb sulfoxide as well as (in lower quantities) aldicarb sulfone, which are then further decomposed (by hydrolysis or dehydration) and excreted.","{""section"": ""INTRO""}"
claim,C-ALDICARB-ANALYTICAL_METHOD-P5,aldicarb,analytical_method,analytical,2,NEEDS_REVIEW,B,SRC-PMC13136561,10.1042/BSR20254091,https://pmc.ncbi.nlm.nih.gov/articles/PMC13136561/,ABSTRACT,openReuse,"Additionally, the LC-MS/MS method developed in this study may serve as a valuable tool to accurately detect aldicarb and its reaction products in future food and environmental safety control efforts and aldicarb-related toxicology studies.","{""section"": ""ABSTRACT""}"
claim,C-ALDICARB-REPORTED_CONCENTRATION-P5,aldicarb,reported_concentration,scientific,2,NEEDS_REVIEW,B,SRC-PMC13136561,10.1042/BSR20254091,https://pmc.ncbi.nlm.nih.gov/articles/PMC13136561/,DISCUSS,openReuse,"Similarly, for humans, the blood concentration of aldicarb reached ∼32.6 μM (6.2 mg/l) in a case report of fatal aldicarb poisoning and ∼16.9 μM (3.22 mg/l) in another case report of nonfatal aldicarb poisoning.","{""section"": ""DISCUSS"", ""specimen"": [""blood""], ""context"": ""postmortem / fatal cases"", ""not_a_threshold"": true}"
claim,C-STRYCHNINE-METABOLISM_NOTE-P5,strychnine,metabolism_note,scientific,2,NEEDS_REVIEW,B,SRC-PMC8954432,10.3390/molecules27061826,https://pmc.ncbi.nlm.nih.gov/articles/PMC8954432/,ABSTRACT,openReuse,Strychnine (STN) and its major metabolite Strychnine N-Oxide (SNO) were examined electrochemically.,"{""section"": ""ABSTRACT""}"
claim,C-STRYCHNINE-ANALYTICAL_METHOD-P5,strychnine,analytical_method,analytical,2,NEEDS_REVIEW,D,SRC-PMC8817065,10.12688/f1000research.73072.2,https://pmc.ncbi.nlm.nih.gov/articles/PMC8817065/,METHODS,openReuse,Detection of strychnine and brucine was performed by using high-performance liquid chromatography with diode array detection (HPLC-DAD; Agilent 1100 and 1200 LC Systems with DAD) and liquid chromatography-tandem mass spectrometry (LC-MS/MS; Agilent 1100 LC System with Applied Biosystems 4000 QTrap triple-quadruple mass spectrometer)   .,"{""section"": ""METHODS""}"
claim,C-BRODIFACOUM-ANALYTICAL_METHOD-P5,brodifacoum,analytical_method,analytical,2,NEEDS_REVIEW,B,SRC-PMC8328164,10.5811/westjem.2021.2.46317,https://pmc.ncbi.nlm.nih.gov/articles/PMC8328164/,METHODS,openReuse,"Ultra performance liquid chromatography - tandem mass spectrometry (UHPLC-MS/MS) analysis was used to quantify plasma concentrations of brodifacoum, difenacoum and bromadiolone, three structurally distinct LAARs.","{""section"": ""METHODS""}"
claim,C-BRODIFACOUM-REPORTED_CONCENTRATION-P5,brodifacoum,reported_concentration,scientific,2,NEEDS_REVIEW,D,SRC-PMC13534099,10.3389/fsurg.2026.1756737,https://pmc.ncbi.nlm.nih.gov/articles/PMC13534099/,CASE,openReuse,"The test returned a high serum concentration of Brodifacoum at 77.86 ng/mL.The final diagnoses were: 1) extensive aortic dissection, and 2) severe acquired coagulopathy due to superwarfarin (Brodifacoum) poisoning.","{""section"": ""CASE"", ""specimen"": [""serum""], ""context"": ""clinical intoxication"", ""not_a_threshold"": true}"
claim,C-ARSENIC-TRIOXIDE-METABOLISM_NOTE-P5,arsenic-trioxide,metabolism_note,scientific,2,NEEDS_REVIEW,B,SRC-PMC3702000,10.1289/ehp.1206003,https://pmc.ncbi.nlm.nih.gov/articles/PMC3702000/,ABSTRACT,openReuse,"Background: In humans, inorganic arsenic is metabolized to methylated metabolites mainly by arsenic (+3 oxidation state) methyltransferase (AS3MT).","{""section"": ""ABSTRACT""}"
claim,C-ARSENIC-TRIOXIDE-ANALYTICAL_METHOD-P5,arsenic-trioxide,analytical_method,analytical,2,NEEDS_REVIEW,B,SRC-PMC9441675,10.17179/excli2022-4922,https://pmc.ncbi.nlm.nih.gov/articles/PMC9441675/,METHODS,openReuse,"The inorganic arsenic plus methylated metabolites-As (III), As (V), MMA, and DMA were analyzed by high performance liquid chromatography with inductively coupled plasma mass spectrometry (HPLC-ICP-MS).","{""section"": ""METHODS""}"
claim,C-ARSENIC-TRIOXIDE-REPORTED_CONCENTRATION-P5,arsenic-trioxide,reported_concentration,scientific,2,NEEDS_REVIEW,C,SRC-PMC11203474,10.3390/ijms25126662,https://pmc.ncbi.nlm.nih.gov/articles/PMC11203474/,INTRO,openReuse,"This process likely occurs in humans intoxicated with arsenic, which has been found in the liver and kidneys with a maximum arsenic content of 6 mg/kg in the liver.","{""section"": ""INTRO"", ""specimen"": [""liver"", ""kidney""], ""context"": ""clinical intoxication"", ""not_a_threshold"": true}"
claim,C-THALLIUM-SULFATE-ANALYTICAL_METHOD-P5,thallium-sulfate,analytical_method,analytical,2,NEEDS_REVIEW,C,SRC-PMC7994691,10.1002/brb3.2032,https://pmc.ncbi.nlm.nih.gov/articles/PMC7994691/,RESULTS,openReuse,"Blood and urinary thallium concentrations of the patient were determined by atomic absorption spectrophotometry, and they were all significantly elevated compared with those of normal levels.","{""section"": ""RESULTS""}"
claim,C-THALLIUM-SULFATE-REPORTED_CONCENTRATION-P5,thallium-sulfate,reported_concentration,scientific,2,NEEDS_REVIEW,D,SRC-PMC11436495,10.1007/s13181-024-01034-9,https://pmc.ncbi.nlm.nih.gov/articles/PMC11436495/,DISCUSS,openReuse,"In one large case series of patients with thallotoxicosis, the median time from symptom onset to admission was 13 days, and patients had symptoms along with an initial mean blood thallium concentration of 293 ng/ml.","{""section"": ""DISCUSS"", ""specimen"": [""blood""], ""context"": ""clinical intoxication"", ""not_a_threshold"": true}"
claim,C-METHOD-GCMS-PRINCIPLE-P5,method-gcms,principle,analytical,2,NEEDS_REVIEW,B,SRC-PMC9325463,10.1111/1556-4029.15050,https://pmc.ncbi.nlm.nih.gov/articles/PMC9325463/,ABSTRACT,openReuse,"Additionally, Blood Alcohol Concentration and detection of volatile substances were obtained with Head Space‐Gas Chromatography–Mass Spectrometry system.","{""section"": ""ABSTRACT""}"
claim,C-METHOD-GCMS-LIMITATION-P5,method-gcms,limitation,analytical,2,NEEDS_REVIEW,C,SRC-PMC11929145,10.7759/cureus.79352,https://pmc.ncbi.nlm.nih.gov/articles/PMC11929145/,INTRO,openReuse,"However, GC-MS has certain limitations, including its ineffectiveness in analyzing non-volatile, polar, or thermolabile compounds, which may degrade at the high temperatures required for gas chromatography.","{""section"": ""INTRO""}"
claim,C-METHOD-GC-FID-APPLICATION-P5,method-gc-fid,application,analytical,2,NEEDS_REVIEW,B,SRC-PMC9331811,10.3390/molecules27154771,https://pmc.ncbi.nlm.nih.gov/articles/PMC9331811/,ABSTRACT,openReuse,"The use of a dual-column, dual-detector HS-GC-FID to quantitate ethanol is a common analytical technique in forensic toxicology; however, most analytical systems utilise pressure-balance injection rather than a simplified gas-tight syringe, as per this technique.","{""section"": ""ABSTRACT""}"
claim,C-METHOD-HEADSPACE-GC-APPLICATION-P5,method-headspace-gc,application,analytical,2,NEEDS_REVIEW,B,SRC-PMC9144713,10.3390/molecules27103279,https://pmc.ncbi.nlm.nih.gov/articles/PMC9144713/,INTRO,openReuse,"For higher accuracy and precision, ethanol is determined in human blood through various types of gas chromatography (GC), including direct injection GC and headspace gas chromatography (HS-GC).","{""section"": ""INTRO""}"
claim,C-METHOD-LCMSMS-PRINCIPLE-P5,method-lcmsms,principle,analytical,2,NEEDS_REVIEW,B,SRC-PMC11435590,10.3390/toxics12090675,https://pmc.ncbi.nlm.nih.gov/articles/PMC11435590/,ABSTRACT,openReuse,"This study aimed to evaluate autopsy findings, histopathology, and quantitative analysis of PQ in post-mortem human serum samples using liquid chromatography-tandem mass spectrometry (LC-MS/MS), a simple, sensitive, and specific method.","{""section"": ""ABSTRACT""}"
claim,C-METHOD-LCMSMS-LIMITATION-P5,method-lcmsms,limitation,analytical,2,NEEDS_REVIEW,B,SRC-PMC10761401,10.1007/s00204-023-03631-z,https://pmc.ncbi.nlm.nih.gov/articles/PMC10761401/,DISCUSS,openReuse,"Testing matrix effect, we found that the present method was not ideal for the opioid buprenorphine and the metabolite of cannabinoids 11-Nor-9-carboxy-Δ9-tetrahydrocannabinol because of the suppression due to the matrix.","{""section"": ""DISCUSS""}"
claim,C-METHOD-HPLC-APPLICATION-P5,method-hplc,application,analytical,2,NEEDS_REVIEW,C,SRC-PMC12567947,10.3390/toxics13100867,https://pmc.ncbi.nlm.nih.gov/articles/PMC12567947/,ABSTRACT,openReuse,"HPLC with UV, fluorescence or diode-array detection enables robust quantification of morphine and its glucuronides in pharmacokinetic and clinical settings.","{""section"": ""ABSTRACT""}"
claim,C-METHOD-TLC-APPLICATION-P5,method-tlc,application,analytical,2,NEEDS_REVIEW,B,SRC-PMC2688477,10.1186/1471-227X-9-5,https://pmc.ncbi.nlm.nih.gov/articles/PMC2688477/,INTRO,openReuse,Immunoassays have steadily displaced other DOA/Tox screening methods such as thin-layer chromatography or colorimetric assays.,"{""section"": ""INTRO""}"
claim,C-METHOD-UVVIS-APPLICATION-P5,method-uvvis,application,analytical,2,NEEDS_REVIEW,D,SRC-PMC8246848,10.1111/1556-4029.14649,https://pmc.ncbi.nlm.nih.gov/articles/PMC8246848/,ABSTRACT,openReuse,COHb was determined by spectrophotometry as recommended by Katsumata et al. in 1982.,"{""section"": ""ABSTRACT""}"
claim,C-METHOD-IMMUNOASSAY-PRINCIPLE-P5,method-immunoassay,principle,analytical,2,NEEDS_REVIEW,B,SRC-PMC2688477,10.1186/1471-227X-9-5,https://pmc.ncbi.nlm.nih.gov/articles/PMC2688477/,RESULTS,openReuse,"All cocaine screening immunoassays currently marketed in the United States use antibodies raised against benzoylecognine, one of the two major cocaine metabolites in humans, as the antigenic target (Additional file 1, tab T).","{""section"": ""RESULTS""}"
claim,C-METHOD-SPECTROSCOPY-APPLICATION-P5,method-spectroscopy,application,analytical,2,NEEDS_REVIEW,B,SRC-PMC12799672,10.1007/s12024-025-01017-4,https://pmc.ncbi.nlm.nih.gov/articles/PMC12799672/,ABSTRACT,openReuse,"This study seeks to establish a rapid, non-invasive methodology for the detection of drug abuse through the identification of common urinary drug metabolites utilizing attenuated total reflectance Fourier transform infrared spectroscopy (ATR-FTIR).","{""section"": ""ABSTRACT""}"
claim,C-METHOD-HRMS-APPLICATION-P5,method-hrms,application,analytical,2,NEEDS_REVIEW,C,SRC-PMC7987635,10.1007/s00216-020-03064-y,https://pmc.ncbi.nlm.nih.gov/articles/PMC7987635/,INTRO,openReuse,Another advantage of HRMS is the option of combined targeted and untargeted screening.,"{""section"": ""INTRO""}"
claim,C-METHOD-SPE-PRINCIPLE-P5,method-spe,principle,analytical,2,NEEDS_REVIEW,B,SRC-PMC11022238,10.1021/acs.chemrestox.3c00379,https://pmc.ncbi.nlm.nih.gov/articles/PMC11022238/,INTRO,openReuse,A study from 2012 by Birkler et al. utilized solid phase extraction (SPE) cartridges for extracting 46 common drugs of abuse from whole blood.,"{""section"": ""INTRO""}"
claim,C-METHOD-LLE-PRINCIPLE-P5,method-lle,principle,analytical,2,NEEDS_REVIEW,B,SRC-PMC8347684,10.3390/molecules26154514,https://pmc.ncbi.nlm.nih.gov/articles/PMC8347684/,ABSTRACT,openReuse,"Liquid–liquid extraction provided a low matrix effect regardless of the lipid levels in the samples (<10%), but pronounced differences were found in the recovery and accuracy.","{""section"": ""ABSTRACT""}"
claim,C-METHOD-PROTEIN-PRECIPITATION-PRINCIPLE-P5,method-protein-precipitation,principle,analytical,2,NEEDS_REVIEW,B,SRC-PMC10761401,10.1007/s00204-023-03631-z,https://pmc.ncbi.nlm.nih.gov/articles/PMC10761401/,DISCUSS,openReuse,"Sample preparation of the present method is fast, simple and consists mainly in enzymatic deconjugation and protein precipitation through organic solvents.","{""section"": ""DISCUSS""}"
claim,C-METHOD-QUECHERS-APPLICATION-P5,method-quechers,application,analytical,2,NEEDS_REVIEW,B,SRC-PMC12858495,10.1007/s11419-025-00740-5,https://pmc.ncbi.nlm.nih.gov/articles/PMC12858495/,ABSTRACT,openReuse,Residual cardiac blood samples were pretreated using deproteinization and QuEChERS methods.,"{""section"": ""ABSTRACT""}"
claim,C-METHOD-DERIVATIZATION-PRINCIPLE-P5,method-derivatization,principle,analytical,2,NEEDS_REVIEW,C,SRC-PMC6747491,10.3390/ijerph16173026,https://pmc.ncbi.nlm.nih.gov/articles/PMC6747491/,CONCL,openReuse,"Although, efficient result can also be achieved with GC-MS with suitable derivatization of the compounds in spite of poor volatility of certain compounds.","{""section"": ""CONCL""}"
claim,C-METHOD-VALIDATION-PRINCIPLE-P5,method-validation,principle,analytical,2,NEEDS_REVIEW,B,SRC-PMC12734456,10.3390/metabo15120804,https://pmc.ncbi.nlm.nih.gov/articles/PMC12734456/,RESULTS,openReuse,"According to the Forensic Toxicology guidelines for method validation, drugs are considered stable if their concentrations remain within ±20% of the original values, meaning that a degradation of less than 20% is deemed insignificant and falls within the acceptable method bias.","{""section"": ""RESULTS""}"
claim,C-METHOD-UNCERTAINTY-PRINCIPLE-P5,method-uncertainty,principle,analytical,2,NEEDS_REVIEW,B,SRC-PMC9331811,10.3390/molecules27154771,https://pmc.ncbi.nlm.nih.gov/articles/PMC9331811/,RESULTS,openReuse,The bias was evaluated using a t-test incorporating the uncertainty of the target—the certified reference material uncertainty—into the measurement uncertainty.,"{""section"": ""RESULTS""}"
claim,C-METHOD-IDENTIFICATION-CRITERIA-PRINCIPLE-P5,method-identification-criteria,principle,analytical,2,NEEDS_REVIEW,B,SRC-PMC12692283,10.3390/foods14234050,https://pmc.ncbi.nlm.nih.gov/articles/PMC12692283/,RESULTS,openReuse,"In addition to quantitative performance characteristics, qualitative identification criteria, such as ion ratio and retention time, were also assessed.","{""section"": ""RESULTS""}"
claim,C-METHOD-VALIDATION-LIMITATION-P5,method-validation,limitation,analytical,2,NEEDS_REVIEW,C,SRC-PMC13234939,10.1093/jat/bkag014,https://pmc.ncbi.nlm.nih.gov/articles/PMC13234939/,ABSTRACT,openReuse,"This review summarizes the updated literature on BM anatomy, sampling site, xenobiotic distribution and stability, as well as the influence of postmortem redistribution (PMR) and putrefaction for toxicological interpretation of the analytical results.","{""section"": ""ABSTRACT""}"
claim,C-REAGENT-MECKE-COMPOSITION_STATEMENT-P5,reagent-mecke,composition_statement,analytical,2,NEEDS_REVIEW,B,SRC-PMC13189459,10.1155/jamc/5412774,https://pmc.ncbi.nlm.nih.gov/articles/PMC13189459/,RESULTS,openReuse,"Mecke’s reagent contains concentrated sulfuric acid and selenium acid, as evidenced by sulfur and selenium elements.","{""section"": ""RESULTS""}"
claim,C-REAGENT-DUQUENOIS-COMPOSITION_STATEMENT-P5,reagent-duquenois,composition_statement,analytical,2,NEEDS_REVIEW,B,SRC-PMC12223337,10.1111/1556-4029.70058,https://pmc.ncbi.nlm.nih.gov/articles/PMC12223337/,INTRO,openReuse,"The Duquenois reagent is composed of ethanol, acetaldehyde, and vanillin.","{""section"": ""INTRO""}"
claim,C-REAGENT-DRAGENDORFF-COMPOSITION_STATEMENT-P5,reagent-dragendorff,composition_statement,analytical,2,NEEDS_REVIEW,B,SRC-PMC11421204,10.1186/s13065-024-01285-1,https://pmc.ncbi.nlm.nih.gov/articles/PMC11421204/,METHODS,openReuse,Dragendorff’s reagent was prepared by mixing 70 mL distilled water and 20 mL acetic acid with 5 mL of 40 g% potassium iodide solution and 5 mL of 1.7 g% w/v basic bismuth nitrate in 20% v/v acetic acid solution.,"{""section"": ""METHODS""}"
claim,C-SCR-FENTANYL-TEST-STRIPS-LIMITATION-P5,scr-fentanyl-test-strips,limitation,scientific,2,NEEDS_REVIEW,B,SRC-PMC10702106,10.1186/s12954-023-00911-w,https://pmc.ncbi.nlm.nih.gov/articles/PMC10702106/,ABSTRACT,openReuse,"Previous reports indicate that in addition to fentanyl, FTS can also detect fentanyl analogs like acetyl fentanyl and butyryl fentanyl, with conflicting reports on their ability to detect fentanyl analogs like Carfentanil and furanyl fentanyl.","{""section"": ""ABSTRACT""}"
claim,C-SCR-IMMUNOASSAY-AMPHETAMINES-LIMITATION-P5,scr-immunoassay-amphetamines,limitation,scientific,2,NEEDS_REVIEW,B,SRC-PMC6379996,10.1186/s12907-019-0084-9,https://pmc.ncbi.nlm.nih.gov/articles/PMC6379996/,DISCUSS,openReuse,Amphetamines immunoassays are also subject to false positives by less obviously structurally related compounds such as 1-methyl-3-phenylpiperazine (a metabolite of the antihypertensive medication labetalol) and mCPP (metabolite of trazodone).,"{""section"": ""DISCUSS""}"
claim,C-SCR-IMMUNOASSAY-OPIATES-LIMITATION-P5,scr-immunoassay-opiates,limitation,scientific,2,NEEDS_REVIEW,B,SRC-PMC2688477,10.1186/1471-227X-9-5,https://pmc.ncbi.nlm.nih.gov/articles/PMC2688477/,INTRO,openReuse,"Examples of such published reports of DOA/Tox assay cross-reactivity include fluoroquinolone antibiotic cross-reactivity with opiate assays, venlafaxine cross-reactivity with PCP immunoassays, and quetiapine cross-reactivity with TCA assays.","{""section"": ""INTRO""}"
claim,C-SCR-IMMUNOASSAY-CANNABINOIDS-LIMITATION-P5,scr-immunoassay-cannabinoids,limitation,scientific,2,NEEDS_REVIEW,B,SRC-PMC4029917,10.1186/1758-2946-6-22,https://pmc.ncbi.nlm.nih.gov/articles/PMC4029917/,ABSTRACT,openReuse,"Drug of abuse screening immunoassays directed at amphetamine or methamphetamine only detect a small subset of designer amphetamine-like drugs, and those immunoassays designed for tetrahydrocannabinol metabolites generally do not cross-react with synthetic cannabinoids lacking the classic cannabinoid chemical backbone.","{""section"": ""ABSTRACT""}"
claim,C-SCR-IMMUNOASSAY-FENTANYL-LIMITATION-P5,scr-immunoassay-fentanyl,limitation,scientific,2,NEEDS_REVIEW,B,SRC-PMC11371532,10.1093/jalm/jfae036,https://pmc.ncbi.nlm.nih.gov/articles/PMC11371532/,ABSTRACT,openReuse,Many fentanyl immunoassays are limited in their ability to detect norfentanyl.,"{""section"": ""ABSTRACT""}"
claim,C-SCR-COLOUR-TESTS-LIMITATION-P5,scr-colour-tests,limitation,scientific,2,NEEDS_REVIEW,B,SRC-PMC9305489,10.1002/dta.3231,https://pmc.ncbi.nlm.nih.gov/articles/PMC9305489/,INTRO,openReuse,"Second, color tests can only be used for presumptive testing on a limited set of illicit‐substances.","{""section"": ""INTRO""}"
claim,C-SCR-IMMUNOASSAY-DRUGS-CONFIRMATION_REQUIREMENT-P5,scr-immunoassay-drugs,confirmation_requirement,scientific,2,NEEDS_REVIEW,B,SRC-PMC11371532,10.1093/jalm/jfae036,https://pmc.ncbi.nlm.nih.gov/articles/PMC11371532/,INTRO,openReuse,"Due to the limitations of immunoassays (i.e., false-negative or false-positive results), clinicians may request confirmatory testing by LC-MS/MS if a definitive result is necessary.","{""section"": ""INTRO""}"
claim,C-FM-DEATH-INVESTIGATION-DEFINITION-P5,fm-death-investigation,definition,medicine_histology,2,NEEDS_REVIEW,B,SRC-PMC11490512,10.1007/s00414-024-03273-5,https://pmc.ncbi.nlm.nih.gov/articles/PMC11490512/,ABSTRACT,openReuse,"Comprehensive information from medico-legal cause-of-death investigation as a starting point, combined with subsequent ante-mortem patient records, proved to be a successful approach to shed light on the Finnish scene of buprenorphine mortality.","{""section"": ""ABSTRACT""}"
claim,C-FM-POSTMORTEM-CHANGES-LIMITATION-P5,fm-postmortem-changes,limitation,medicine_histology,2,NEEDS_REVIEW,B,SRC-PMC10258654,10.7759/cureus.38957,https://pmc.ncbi.nlm.nih.gov/articles/PMC10258654/,ABSTRACT,openReuse,"In routine practice, postmortem interval is deduced by conventional or physical methods such as early and late postmortem changes, which are subjective methods and prone to errors.","{""section"": ""ABSTRACT""}"
claim,C-FM-DECOMPOSITION-LIMITATION-P5,fm-decomposition,limitation,medicine_histology,2,NEEDS_REVIEW,B,SRC-PMC8205910,10.1007/s00414-021-02601-3,https://pmc.ncbi.nlm.nih.gov/articles/PMC8205910/,ABSTRACT,openReuse,"However, at very progressed stages of decomposition, postmortem tissue putrefaction processes can decrease DNA yields considerably.","{""section"": ""ABSTRACT""}"
claim,C-FM-POSTMORTEM-INTERVAL-LIMITATION-P5,fm-postmortem-interval,limitation,medicine_histology,2,NEEDS_REVIEW,B,SRC-PMC12957013,10.1007/s00414-025-03681-1,https://pmc.ncbi.nlm.nih.gov/articles/PMC12957013/,ABSTRACT,openReuse,"Linear regression analyses between estimated and actual post-mortem intervals yielded low coefficients of determination, with R² = 34.1% for the TDS-based model and R² = 20.5% for the ADD-based model, indicating that both methods explain only a limited portion of the variance in the actual PMI (PMIa).","{""section"": ""ABSTRACT""}"
claim,C-FM-BLUNT-TRAUMA-DEFINITION-P5,fm-blunt-trauma,definition,medicine_histology,2,NEEDS_REVIEW,B,SRC-PMC9804827,10.1111/1556-4029.15118,https://pmc.ncbi.nlm.nih.gov/articles/PMC9804827/,INTRO,openReuse,"Blunt force trauma causes external injuries in form of abrasions, contusions, and lacerations of the skin and internal injuries such as fractures, intracranial hemorrhages, and damage to internal organs.","{""section"": ""INTRO""}"
claim,C-FM-FIREARM-DEFINITION-P5,fm-firearm,definition,medicine_histology,2,NEEDS_REVIEW,B,SRC-PMC10792621,10.1016/j.jpi.2023.100361,https://pmc.ncbi.nlm.nih.gov/articles/PMC10792621/,ABSTRACT,openReuse,"Certain features are helpful in the identification of gunshot entrance and exit wounds, such as the presence of muzzle imprints, peripheral tears, stippling, bone beveling, and wound border irregularity.","{""section"": ""ABSTRACT""}"
claim,C-FM-ASPHYXIA-DEFINITION-P5,fm-asphyxia,definition,medicine_histology,2,NEEDS_REVIEW,C,SRC-PMC13030192,10.3390/vetsci13030296,https://pmc.ncbi.nlm.nih.gov/articles/PMC13030192/,INTRO,openReuse,"Asphyxiation can occur in any condition interfering with the uptake or utilization of oxygen and the elimination of carbon dioxide; this may be determined by lack of oxygen in the inspired air (vitiated atmosphere), obstruction of the air passages (suffocation, strangulation), restriction of chest movements (mechanical asphyxia), or histotoxic anoxia.","{""section"": ""INTRO""}"
claim,C-FM-DROWNING-LIMITATION-P5,fm-drowning,limitation,medicine_histology,2,NEEDS_REVIEW,B,SRC-PMC10421782,10.1007/s00414-023-03057-3,https://pmc.ncbi.nlm.nih.gov/articles/PMC10421782/,ABSTRACT,openReuse,Xenobiotics are frequently involved in drowning cases but their influence on the diagnosis of fatal drowning has not been studied so far.,"{""section"": ""ABSTRACT""}"
claim,C-FM-BURNS-MARKER-P5,fm-burns,marker,medicine_histology,2,NEEDS_REVIEW,D,SRC-PMC10417010,10.15388/Amed.2023.30.1.10,https://pmc.ncbi.nlm.nih.gov/articles/PMC10417010/,DISCUSS,openReuse,"A living person (not necessarily a conscious one) will quickly inhale smoke and soot, which can not only settle in the above-mentioned organs, but can either cause their thermal burns.","{""section"": ""DISCUSS""}"
claim,C-FM-HYPOTHERMIA-MARKER-P5,fm-hypothermia,marker,medicine_histology,2,NEEDS_REVIEW,D,SRC-PMC11164732,10.1007/s00414-024-03193-4,https://pmc.ncbi.nlm.nih.gov/articles/PMC11164732/,INTRO,openReuse,"No further autopsy findings indicative of hypothermia (frost erythema, red lividity, “empty scrotum”, pancreatic haemorrhage, iliopsoas muscle haemorrhage) were observed.","{""section"": ""INTRO""}"
claim,C-FM-ANTHROPOLOGY-DEFINITION-P5,fm-anthropology,definition,medicine_histology,2,NEEDS_REVIEW,B,SRC-PMC11306639,10.1007/s00414-024-03235-x,https://pmc.ncbi.nlm.nih.gov/articles/PMC11306639/,ABSTRACT,openReuse,Taphonomy studies the environmental effects on remains from the time of deposition to the time of recovery and has been integrated into the field of forensic anthropology.,"{""section"": ""ABSTRACT""}"
claim,C-FM-AGE-ESTIMATION-LIMITATION-P5,fm-age-estimation,limitation,medicine_histology,2,NEEDS_REVIEW,C,SRC-PMC11694602,10.7759/cureus.75031,https://pmc.ncbi.nlm.nih.gov/articles/PMC11694602/,ABSTRACT,openReuse,"In conclusion, while the Demirjian and Nolla methods have unique advantages, using them together can provide a more robust and reliable age estimation.","{""section"": ""ABSTRACT""}"
claim,C-FM-STATURE-ESTIMATION-MARKER-P5,fm-stature-estimation,marker,medicine_histology,2,NEEDS_REVIEW,B,SRC-PMC13329083,10.1002/ajpa.70310,https://pmc.ncbi.nlm.nih.gov/articles/PMC13329083/,ABSTRACT,openReuse,"Stature estimation of skeletal remains is mostly dependent on the lengths of long bones, but these are often unavailable in fragmented or commingled assemblages.","{""section"": ""ABSTRACT""}"
claim,C-FM-ODONTOLOGY-DEFINITION-P5,fm-odontology,definition,medicine_histology,2,NEEDS_REVIEW,B,SRC-PMC10594786,10.1186/s12903-023-03500-2,https://pmc.ncbi.nlm.nih.gov/articles/PMC10594786/,ABSTRACT,openReuse,"Dental records and forensic odontology play an important role in both healthcare and the legal system, aiding in personalized patient care, human identification, and legal proceedings.","{""section"": ""ABSTRACT""}"
claim,C-FM-DVI-DEFINITION-P5,fm-dvi,definition,medicine_histology,2,NEEDS_REVIEW,C,SRC-PMC7654639,10.1080/20961790.2020.1751385,https://pmc.ncbi.nlm.nih.gov/articles/PMC7654639/,ABSTRACT,openReuse,"While recommendations are provided, they are not intended as proscriptive policy but rather as an addition to the general recommendations given in the International Criminal Police Organization (INTERPOL) DVI Guide, to inform preparative discussions between government officials, judiciary, police, and forensic specialists.","{""section"": ""ABSTRACT""}"
claim,C-HIS-FIXATION-PRINCIPLE-P5,his-fixation,principle,medicine_histology,2,NEEDS_REVIEW,B,SRC-PMC4556454,10.1371/journal.pone.0137016,https://pmc.ncbi.nlm.nih.gov/articles/PMC4556454/,INTRO,openReuse,"The fixation step stabilizes the fine structural details of cells and tissues prior to examination, and is most commonly performed in aldehyde.","{""section"": ""INTRO""}"
claim,C-HIS-IHC-APPLICATION-P5,his-ihc,application,medicine_histology,2,NEEDS_REVIEW,A,SRC-PMC8770859,10.3389/fmed.2021.786798,https://pmc.ncbi.nlm.nih.gov/articles/PMC8770859/,INTRO,openReuse,"On the other hand, Turillazzi et al. investigated the immunohistochemical expression of a panel of cytokines and inflammatory cells in skin samples from an autopsy of hanging cases to evaluate whether the mark and signs of hanging occurred before or after the death of the victim.","{""section"": ""INTRO""}"
claim,C-HIS-WOUND-VITALITY-LIMITATION-P5,his-wound-vitality,limitation,medicine_histology,2,NEEDS_REVIEW,A,SRC-PMC8770859,10.3389/fmed.2021.786798,https://pmc.ncbi.nlm.nih.gov/articles/PMC8770859/,INTRO,openReuse,"Due to supravital reactions and minor morphological changes evident during this time, immunohistochemical parameters for age assessment and vitality for human skin wounds remain challenging.","{""section"": ""INTRO""}"
claim,C-HIS-MI-EARLY-MARKER-P5,his-mi-early,marker,medicine_histology,2,NEEDS_REVIEW,B,SRC-PMC3663776,10.1186/1746-1596-8-84,https://pmc.ncbi.nlm.nih.gov/articles/PMC3663776/,ABSTRACT,openReuse,"For autopsy material, all human cases of definite myocardial infarction and suspected early infarction showed well-defined areas without S100A1 staining.","{""section"": ""ABSTRACT""}"
claim,C-HIS-PUTREFACTION-ARTIFACT-LIMITATION-P5,his-putrefaction-artifact,limitation,medicine_histology,2,NEEDS_REVIEW,A,SRC-PMC11277133,10.3390/ijms25147625,https://pmc.ncbi.nlm.nih.gov/articles/PMC11277133/,DISCUSS,openReuse,"However, particular aspects of each case must also be considered, such as cardiopulmonary resuscitation, catecholamine injection, drug use (ecstasy, cocaine), agonal artifacts, postmortem interval, autolysis, and pre-existing ischemic events, which can influence immunohistochemical results.","{""section"": ""DISCUSS""}"
claim,C-HIS-FAT-EMBOLISM-CASE_OBSERVATION-P5,his-fat-embolism,case_observation,medicine_histology,2,NEEDS_REVIEW,B,SRC-PMC10085886,10.1007/s00414-022-02848-4,https://pmc.ncbi.nlm.nih.gov/articles/PMC10085886/,ABSTRACT,openReuse,"In our center, we performed the autopsy of a child who died from drowning and presented, at autopsy, a major pulmonary fat embolism (PFE).","{""section"": ""ABSTRACT""}"
claim,C-FM-DROWNING-MARKER-P5,fm-drowning,marker,medicine_histology,2,NEEDS_REVIEW,B,SRC-PMC7782435,10.1007/s00414-020-02469-9,https://pmc.ncbi.nlm.nih.gov/articles/PMC7782435/,INTRO,openReuse,"An important vital drowning sign is external foam, resulting from the mixture of air, water, bronchial mucosa secretions, and surfactant in the lungs.","{""section"": ""INTRO""}"
claim,C-BIO-VITREOUS-SODIUM-CHLORIDE-MARKER-P5,bio-vitreous-sodium-chloride,marker,medicine_histology,2,NEEDS_REVIEW,B,SRC-PMC8773483,10.3390/biom12010032,https://pmc.ncbi.nlm.nih.gov/articles/PMC8773483/,INTRO,openReuse,"Hyperglycemia can be clearly identified by analyzing vitreous fluid glucose levels, whilst vitreous potassium levels can provide an estimate of the postmortem interval and levels of sodium and chloride can reveal dehydration or water intoxication.","{""section"": ""INTRO""}"
claim,C-BIO-VITREOUS-UREA-CREATININE-MARKER-P5,bio-vitreous-urea-creatinine,marker,medicine_histology,2,NEEDS_REVIEW,B,SRC-PMC12354637,10.1007/s00414-025-03482-6,https://pmc.ncbi.nlm.nih.gov/articles/PMC12354637/,RESULTS,openReuse,Urea concentrations in vitreous humor (VH) were significantly correlated with renal or infectious causes of death and multi-organ failure.,"{""section"": ""RESULTS""}"
claim,C-BIO-VITREOUS-GLUCOSE-MARKER-P5,bio-vitreous-glucose,marker,medicine_histology,2,NEEDS_REVIEW,B,SRC-PMC5074458,10.1371/journal.pone.0164950,https://pmc.ncbi.nlm.nih.gov/articles/PMC5074458/,ABSTRACT,openReuse,Vitreous glucose was used to diagnose hyperglycaemia postmortem.,"{""section"": ""ABSTRACT""}"
claim,C-BIO-BHB-KETOACIDOSIS-MARKER-P5,bio-bhb-ketoacidosis,marker,medicine_histology,2,NEEDS_REVIEW,C,SRC-PMC4500977,10.3325/cmj.2015.56.181,https://pmc.ncbi.nlm.nih.gov/articles/PMC4500977/,INTRO,openReuse,"Examples of these are glycated hemoglobin and beta-hydroxybutyrate determination, the latter being the most reliable indicator of ketoacidosis and its severity.","{""section"": ""INTRO""}"
claim,C-BIO-HBA1C-MARKER-P5,bio-hba1c,marker,medicine_histology,2,NEEDS_REVIEW,C,SRC-PMC4500977,10.3325/cmj.2015.56.181,https://pmc.ncbi.nlm.nih.gov/articles/PMC4500977/,ABSTRACT,openReuse,"Biochemical analyses, including vitreous glucose, blood (or alternative specimen) beta-hydroxybutyrate, and blood glycated hemoglobin determination, may complement postmortem investigations and provide useful information for determining the cause of death even in corpses with advanced decompositional changes.","{""section"": ""ABSTRACT""}"
claim,C-BIO-TRYPTASE-MARKER-P5,bio-tryptase,marker,medicine_histology,2,NEEDS_REVIEW,D,SRC-PMC10177871,10.3390/ijerph20095640,https://pmc.ncbi.nlm.nih.gov/articles/PMC10177871/,DISCUSS,openReuse,"Serum tryptase is a neutral protease of human mast cells, mostly used as a biomarker to better define the postmortem diagnosis of anaphylaxis.","{""section"": ""DISCUSS""}"
claim,C-BIO-CRP-PROCALCITONIN-MARKER-P5,bio-crp-procalcitonin,marker,medicine_histology,2,NEEDS_REVIEW,B,SRC-PMC10314941,10.1038/s41598-023-37752-3,https://pmc.ncbi.nlm.nih.gov/articles/PMC10314941/,ABSTRACT,openReuse,"To increase specificity identifying agonal phase sepsis in the situations where blood cultures are discordant, multiple or negative at postmortem, we established a scoring system using blood cultures, procalcitonin (PCN) showing highest sensitivity and specificity for postmortem serum, and bone marrow polyhemophagocytosis (PHP).","{""section"": ""ABSTRACT""}"
claim,C-BIO-CARDIAC-MARKERS-LIMITATION-P5,bio-cardiac-markers,limitation,medicine_histology,2,NEEDS_REVIEW,B,SRC-PMC12354503,10.1007/s00414-025-03517-y,https://pmc.ncbi.nlm.nih.gov/articles/PMC12354503/,DISCUSS,openReuse,"Interestingly, the different half-lives of the cardiac biomarkers (half-life for each biomarker according to the literature: BNP = 20 min, NT-proBNP = 120 min, cTnI = 360 min, Myo = 120 to 180 min, CK-MB = 660 min) did not seem to influence postmortem stability for POCT within 24 h after autopsy.","{""section"": ""DISCUSS""}"
claim,C-BIO-INSULIN-CPEPTIDE-MARKER-P5,bio-insulin-cpeptide,marker,medicine_histology,2,NEEDS_REVIEW,C,SRC-PMC9687110,10.3390/biomedicines10112823,https://pmc.ncbi.nlm.nih.gov/articles/PMC9687110/,RESULTS,openReuse,"As shown, the most commonly performed analysis when insulin overdose was suspected was the quantification of insulin in blood (70.5%), while the next most common analysis was C-peptide blood quantification (39.7%).","{""section"": ""RESULTS""}"
claim,C-BIO-CSF-APPLICATION-P5,bio-csf,application,medicine_histology,2,NEEDS_REVIEW,B,SRC-PMC8205912,10.1007/s00414-021-02606-y,https://pmc.ncbi.nlm.nih.gov/articles/PMC8205912/,INTRO,openReuse,"In addition to forensic neuropathological diagnostic methods, postmortem biochemical analyses of various cytokines, acute phase proteins, CNS biomarkers, or Na+-glucose transporters in CSF and brain tissue as well as investigations of the early tissue reaction of local microglia after trauma are meanwhile increasingly performed.","{""section"": ""INTRO""}"
claim,C-BIO-PREANALYTICAL-HEMOLYSIS-LIMITATION-P5,bio-preanalytical-hemolysis,limitation,medicine_histology,2,NEEDS_REVIEW,B,SRC-PMC6179268,10.1371/journal.pone.0205323,https://pmc.ncbi.nlm.nih.gov/articles/PMC6179268/,ABSTRACT,openReuse,GFAP levels were found to be unaffected by hemolysis or post-mortem interval.,"{""section"": ""ABSTRACT""}"
claim,C-BIO-SAMPLING-SITE-LIMITATION-P5,bio-sampling-site,limitation,medicine_histology,2,NEEDS_REVIEW,B,SRC-PMC8672767,10.1093/cid/ciab810,https://pmc.ncbi.nlm.nih.gov/articles/PMC8672767/,DISCUSS,openReuse,"Generally, in forensic autopsy practice, peripheral blood collection sites are preferred to cardiac blood when conducting biochemical and toxicology analyses.","{""section"": ""DISCUSS""}"
claim,C-BIO-ETHANOL-NEOFORMATION-LIMITATION-P5,bio-ethanol-neoformation,limitation,medicine_histology,2,NEEDS_REVIEW,B,SRC-PMC10972208,10.3390/microorganisms12030462,https://pmc.ncbi.nlm.nih.gov/articles/PMC10972208/,ABSTRACT,openReuse,This correlation is expressed by mathematical models which estimate the concentration of microbial ethanol.,"{""section"": ""ABSTRACT""}"
claim,C-BIO-COCAINE-STABILITY-LIMITATION-P5,bio-cocaine-stability,limitation,medicine_histology,2,NEEDS_REVIEW,A,SRC-PMC13553925,10.3389/fped.2026.1854801,https://pmc.ncbi.nlm.nih.gov/articles/PMC13553925/,DISCUSS,openReuse,"Huertas et al. demonstrated that while cocaine and its metabolites remain stable at −20 °C, they undergo significant degradation at 4 °C, with sodium fluoride preservative substantially retarding hydrolysis.","{""section"": ""DISCUSS""}"
claim,C-BIO-TEMPERATURE-EFFECT-LIMITATION-P5,bio-temperature-effect,limitation,medicine_histology,2,NEEDS_REVIEW,B,SRC-PMC12532652,10.1007/s00414-025-03550-x,https://pmc.ncbi.nlm.nih.gov/articles/PMC12532652/,ABSTRACT,openReuse,"Forensic pathology lacks generally accepted markers for hypothermia, relying instead on various physiological responses to low temperatures as postmortem diagnostic indicators.","{""section"": ""ABSTRACT""}"
legal_rule,R-INT-MORPHINE-YELLOW,morphine,control_status,legal,1,NEEDS_REVIEW,,SRC-INCB-YELLOW-LIST-65,,,,,NM 009 57-27-2 MORPHINE the principal alkaloid of opium and of opium poppy,"{""convention"": ""Single Convention on Narcotic Drugs, 1961"", ""schedules"": [""I""], ""ids_code"": ""NM 009"", ""rows"": [""NM 009 57-27-2 MORPHINE the principal alkaloid of opium and of opium poppy""]}"
legal_rule,R-INT-HEROIN-YELLOW,heroin,control_status,legal,1,NEEDS_REVIEW,,SRC-INCB-YELLOW-LIST-65,,,,,NH 001 561-27-3 HEROIN diacetylmorphine (derivative of morphine); NH 001 561-27-3 HEROIN Diacetylmorphine (derivative of morphine),"{""convention"": ""Single Convention on Narcotic Drugs, 1961"", ""schedules"": [""I"", ""IV""], ""ids_code"": ""NH 001"", ""rows"": [""NH 001 561-27-3 HEROIN diacetylmorphine (derivative of morphine)"", ""NH 001 561-27-3 HEROIN Diacetylmorphine (derivative of morphine)""]}"
legal_rule,R-INT-FENTANYL-YELLOW,fentanyl,control_status,legal,1,NEEDS_REVIEW,,SRC-INCB-YELLOW-LIST-65,,,,,NF 001 437-38-7 FENTANYL 1-phenethyl-4-N-propionylanilinopiperidine,"{""convention"": ""Single Convention on Narcotic Drugs, 1961"", ""schedules"": [""I""], ""ids_code"": ""NF 001"", ""rows"": [""NF 001 437-38-7 FENTANYL 1-phenethyl-4-N-propionylanilinopiperidine""]}"
legal_rule,R-INT-COCAINE-YELLOW,cocaine,control_status,legal,1,NEEDS_REVIEW,,SRC-INCB-YELLOW-LIST-65,,,,,NC 004 50-36-2 COCAINE methyl ester of benzoylecgonine (an alkaloid found in coca leaves or,"{""convention"": ""Single Convention on Narcotic Drugs, 1961"", ""schedules"": [""I""], ""ids_code"": ""NC 004"", ""rows"": [""NC 004 50-36-2 COCAINE methyl ester of benzoylecgonine (an alkaloid found in coca leaves or""]}"
legal_rule,R-INT-METHAMPHETAMINE-GREEN,methamphetamine,control_status,legal,1,NEEDS_REVIEW,,SRC-INCB-GREEN-LIST-36,,,,,"PM 005 537-46-2 METAMFETAMINE methamphetamine (+)-(S)-N,α-dimethylphenethylamine","{""convention"": ""Convention on Psychotropic Substances of 1971"", ""schedules"": [""II""], ""ids_code"": ""PM 005"", ""rows"": [""PM 005 537-46-2 METAMFETAMINE methamphetamine (+)-(S)-N,α-dimethylphenethylamine""]}"
legal_rule,R-INT-THC-GREEN,thc,control_status,legal,1,NEEDS_REVIEW,,SRC-INCB-GREEN-LIST-36,,,,,"PD 010 1972-08-3 delta-9-tetrahydro- (6aR,10aR)-6a,7,8,10a-tetrahydro-6,6,9-","{""convention"": ""Convention on Psychotropic Substances of 1971"", ""schedules"": [""II""], ""ids_code"": ""PD 010"", ""rows"": [""PD 010 1972-08-3 delta-9-tetrahydro- (6aR,10aR)-6a,7,8,10a-tetrahydro-6,6,9-""]}"
legal_rule,R-INT-ALPRAZOLAM-GREEN,alprazolam,control_status,legal,1,NEEDS_REVIEW,,SRC-INCB-GREEN-LIST-36,,,,,"PA 004 28981-97-7 ALPRAZOLAM 8-chloro-1-methyl-6-phenyl-4H-s-triazolo[4,3-","{""convention"": ""Convention on Psychotropic Substances of 1971"", ""schedules"": [""IV""], ""ids_code"": ""PA 004"", ""rows"": [""PA 004 28981-97-7 ALPRAZOLAM 8-chloro-1-methyl-6-phenyl-4H-s-triazolo[4,3-""]}"
legal_rule,R-INT-PHENAZEPAM-GREEN,phenazepam,control_status,legal,1,NEEDS_REVIEW,,SRC-INCB-GREEN-LIST-36,,,,,"PP 024 51753-57-2 phenazepam, 7-bromo-5-(2-chlorophenyl)-1,3-dihydro-2H-1,4-","{""convention"": ""Convention on Psychotropic Substances of 1971"", ""schedules"": [""IV""], ""ids_code"": ""PP 024"", ""rows"": [""PP 024 51753-57-2 phenazepam, 7-bromo-5-(2-chlorophenyl)-1,3-dihydro-2H-1,4-""]}"
legal_rule,R-GB-ETHANOL-DRINK-DRIVE-LIMIT,ethanol,legal_threshold,legal,1,NEEDS_REVIEW,,SRC-GB-RTA-1988-S11,,,,,"“the prescribed limit” means, as the case may require— 35 microgrammes of alcohol in 100 millilitres of breath, 80 milligrammes of alcohol in 100 millilitres of blood, or 107 milligrammes of alcohol in 100 millilitres of urine, or such other proportion as may be prescribed by regulations","{""limits"": {""breath"": {""value"": 35, ""unit"": ""µg/100 mL""}, ""blood"": {""value"": 80, ""unit"": ""mg/100 mL""}, ""urine"": {""value"": 107, ""unit"": ""mg/100 mL""}}, ""excerpt"": ""“the prescribed limit” means, as the case may require— 35 microgrammes of alcohol in 100 millilitres of breath, 80 milligrammes of alcohol in 100 millilitres of blood, or 107 milligrammes of alcohol in 100 millilitres of urine, or such other proportion as may be prescribed by regulations"", ""extent"": ""E+W+S""}"
legal_rule,R-GB-SCT-ETHANOL-DRINK-DRIVE-LIMIT,ethanol,legal_threshold,legal,1,NEEDS_REVIEW,,SRC-GB-SSI-2014-328,,,,,"For the purpose of the definition of “the prescribed limit” in section 11(2) of The Road Traffic Act 1988, the prescribed proportion in relation to driving or attempting to drive, or being in charge of a vehicle, in Scotland, is— a 22 microgrammes of alcohol in 100 millilitres of breath; b 50 milligrammes of alcohol in 100 millilitres of blood; or c 67 milligrammes of alcohol in 100 millilitres of urine.","{""limits"": {""breath"": {""value"": 22, ""unit"": ""µg/100 mL""}, ""blood"": {""value"": 50, ""unit"": ""mg/100 mL""}, ""urine"": {""value"": 67, ""unit"": ""mg/100 mL""}}, ""excerpt"": ""For the purpose of the definition of “the prescribed limit” in section 11(2) of The Road Traffic Act 1988, the prescribed proportion in relation to driving or attempting to drive, or being in charge of a vehicle, in Scotland, is— a 22 microgrammes of alcohol in 100 millilitres of breath; b 50 milligrammes of alcohol in 100 millilitres of blood; or c 67 milligrammes of alcohol in 100 millilitres of urine.""}"
legal_rule,R-INT-CODEINE-YELLOW,codeine,control_status,legal,1,NEEDS_REVIEW,,SRC-INCB-YELLOW-LIST-65,,,,,"NC 005 76-57-3 CODEINE 3-methylmorphine (derivate of morphine, alkaloid contained in opium and poppy straw)","{""convention"": ""Single Convention on Narcotic Drugs, 1961"", ""schedules"": [""II""], ""ids_code"": [""NC 005""], ""rows"": [""NC 005 76-57-3 CODEINE 3-methylmorphine (derivate of morphine, alkaloid contained in opium and poppy straw)""]}"
legal_rule,R-INT-HYDROCODONE-YELLOW,hydrocodone,control_status,legal,1,NEEDS_REVIEW,,SRC-INCB-YELLOW-LIST-65,,,,,NH 002 125-29-1 HYDROCODONE dihydrocodeinone (derivative of morphine),"{""convention"": ""Single Convention on Narcotic Drugs, 1961"", ""schedules"": [""I""], ""ids_code"": [""NH 002""], ""rows"": [""NH 002 125-29-1 HYDROCODONE dihydrocodeinone (derivative of morphine)""]}"
legal_rule,R-INT-HYDROMORPHONE-YELLOW,hydromorphone,control_status,legal,1,NEEDS_REVIEW,,SRC-INCB-YELLOW-LIST-65,,,,,NH 004 466-99-9 HYDROMORPHONE dihydromorphinone (derivative of morphine),"{""convention"": ""Single Convention on Narcotic Drugs, 1961"", ""schedules"": [""I""], ""ids_code"": [""NH 004""], ""rows"": [""NH 004 466-99-9 HYDROMORPHONE dihydromorphinone (derivative of morphine)""]}"
legal_rule,R-INT-OXYCODONE-YELLOW,oxycodone,control_status,legal,1,NEEDS_REVIEW,,SRC-INCB-YELLOW-LIST-65,,,,,NO 002 76-42-6 OXYCODONE 14-hydroxydihydrocodeinone (derivate of morphine),"{""convention"": ""Single Convention on Narcotic Drugs, 1961"", ""schedules"": [""I""], ""ids_code"": [""NO 002""], ""rows"": [""NO 002 76-42-6 OXYCODONE 14-hydroxydihydrocodeinone (derivate of morphine)""]}"
legal_rule,R-INT-OXYMORPHONE-YELLOW,oxymorphone,control_status,legal,1,NEEDS_REVIEW,,SRC-INCB-YELLOW-LIST-65,,,,,NO 003 76-41-5 OXYMORPHONE 14-hydroxydihydromorphinone (derivate of morphine),"{""convention"": ""Single Convention on Narcotic Drugs, 1961"", ""schedules"": [""I""], ""ids_code"": [""NO 003""], ""rows"": [""NO 003 76-41-5 OXYMORPHONE 14-hydroxydihydromorphinone (derivate of morphine)""]}"
legal_rule,R-INT-METHADONE-YELLOW,methadone,control_status,legal,1,NEEDS_REVIEW,,SRC-INCB-YELLOW-LIST-65,,,,,"NM 002 76-99-3 METHADONE 6-dimethylamino-4,4-diphenyl-3-heptanone","{""convention"": ""Single Convention on Narcotic Drugs, 1961"", ""schedules"": [""I""], ""ids_code"": [""NM 002""], ""rows"": [""NM 002 76-99-3 METHADONE 6-dimethylamino-4,4-diphenyl-3-heptanone""]}"
legal_rule,R-INT-BUPRENORPHINE-GREEN,buprenorphine,control_status,legal,1,NEEDS_REVIEW,,SRC-INCB-GREEN-LIST-36,,,,,"PB 006 52485-79-7 BUPRENORPHINE 2l-cyclopropyl-7-α-[(S)-1-hydroxy-1,2,2- trimethylpropyl]-6,14-endo-ethano-6,7,8,14-","{""convention"": ""Convention on Psychotropic Substances of 1971"", ""schedules"": [""III""], ""ids_code"": [""PB 006""], ""rows"": [""PB 006 52485-79-7 BUPRENORPHINE 2l-cyclopropyl-7-α-[(S)-1-hydroxy-1,2,2- trimethylpropyl]-6,14-endo-ethano-6,7,8,14-""]}"
legal_rule,R-INT-CARFENTANIL-YELLOW,carfentanil,control_status,legal,1,NEEDS_REVIEW,,SRC-INCB-YELLOW-LIST-65,,,,,NC 090 59708-52-0 CARFENTANIL Methyl 1-(2-phenylethyl)-4-[phenyl(propanoyl)amino]piperidine- 4-carboxylate; NC 090 59708-52-0 CARFENTANIL Methyl 1-(2-phenylethyl)-4- [phenyl(propanoyl)amino]piperidine-4-carboxylate,"{""convention"": ""Single Convention on Narcotic Drugs, 1961"", ""schedules"": [""I"", ""IV""], ""ids_code"": [""NC 090""], ""rows"": [""NC 090 59708-52-0 CARFENTANIL Methyl 1-(2-phenylethyl)-4-[phenyl(propanoyl)amino]piperidine- 4-carboxylate"", ""NC 090 59708-52-0 CARFENTANIL Methyl 1-(2-phenylethyl)-4- [phenyl(propanoyl)amino]piperidine-4-carboxylate""]}"
legal_rule,R-INT-ACETYLFENTANYL-YELLOW,acetylfentanyl,control_status,legal,1,NEEDS_REVIEW,,SRC-INCB-YELLOW-LIST-65,,,,,NA 019 3258-84-2 ACETYLFENTANYL N-Phenyl-N-[1-(2-phenylethyl)-4-piperidinyl]acetamide; NA 019 3258-84-2 ACETYLFENTANYL N-Phenyl-N-[1-(2-phenylethyl)-4- piperidinyl]acetamide,"{""convention"": ""Single Convention on Narcotic Drugs, 1961"", ""schedules"": [""I"", ""IV""], ""ids_code"": [""NA 019""], ""rows"": [""NA 019 3258-84-2 ACETYLFENTANYL N-Phenyl-N-[1-(2-phenylethyl)-4-piperidinyl]acetamide"", ""NA 019 3258-84-2 ACETYLFENTANYL N-Phenyl-N-[1-(2-phenylethyl)-4- piperidinyl]acetamide""]}"
legal_rule,R-INT-FURANYLFENTANYL-YELLOW,furanylfentanyl,control_status,legal,1,NEEDS_REVIEW,,SRC-INCB-YELLOW-LIST-65,,,,,NF 004 101345-66-8 FURANYLFENTANYL N-phenyl-N-[1-(2-phenylethyl)piperidin-4-yl]furan-2-carboxamide,"{""convention"": ""Single Convention on Narcotic Drugs, 1961"", ""schedules"": [""I""], ""ids_code"": [""NF 004""], ""rows"": [""NF 004 101345-66-8 FURANYLFENTANYL N-phenyl-N-[1-(2-phenylethyl)piperidin-4-yl]furan-2-carboxamide""]}"
legal_rule,R-INT-SUFENTANIL-YELLOW,sufentanil,control_status,legal,1,NEEDS_REVIEW,,SRC-INCB-YELLOW-LIST-65,,,,,NS 001 56030-54-7 SUFENTANIL N-[4-(methoxymethyl)-1-[2-(2-thienyl)ethyl]-4-piperidyl]propionanilide,"{""convention"": ""Single Convention on Narcotic Drugs, 1961"", ""schedules"": [""I""], ""ids_code"": [""NS 001""], ""rows"": [""NS 001 56030-54-7 SUFENTANIL N-[4-(methoxymethyl)-1-[2-(2-thienyl)ethyl]-4-piperidyl]propionanilide""]}"
legal_rule,R-INT-ALFENTANIL-YELLOW,alfentanil,control_status,legal,1,NEEDS_REVIEW,,SRC-INCB-YELLOW-LIST-65,,,,,"NA 014 71195-58-9 ALFENTANIL N-[1-[2-(4-ethyl-4,5-dihydro-5-oxo-1H-tetrazol-1-yl)ethyl]-4- (methoxymethyl)-4-piperidinyl]-N-phenylpropanamide","{""convention"": ""Single Convention on Narcotic Drugs, 1961"", ""schedules"": [""I""], ""ids_code"": [""NA 014""], ""rows"": [""NA 014 71195-58-9 ALFENTANIL N-[1-[2-(4-ethyl-4,5-dihydro-5-oxo-1H-tetrazol-1-yl)ethyl]-4- (methoxymethyl)-4-piperidinyl]-N-phenylpropanamide""]}"
legal_rule,R-INT-ISOTONITAZENE-YELLOW,isotonitazene,control_status,legal,1,NEEDS_REVIEW,,SRC-INCB-YELLOW-LIST-65,,,,,"NI 003 14188-81-9 ISOTONITAZENE N,N-diethyl-2-(2-(4-isopropoxybenzyl)-5-nitro-1H- benzo[d]imidazol-1-yl)ethan-1-amine","{""convention"": ""Single Convention on Narcotic Drugs, 1961"", ""schedules"": [""I""], ""ids_code"": [""NI 003""], ""rows"": [""NI 003 14188-81-9 ISOTONITAZENE N,N-diethyl-2-(2-(4-isopropoxybenzyl)-5-nitro-1H- benzo[d]imidazol-1-yl)ethan-1-amine""]}"
legal_rule,R-INT-METONITAZENE-YELLOW,metonitazene,control_status,legal,1,NEEDS_REVIEW,,SRC-INCB-YELLOW-LIST-65,,,,,"NM 026 14680-51-4 METONITAZENE N,N-diethyl-2-(2-(4-methoxybenzyl)-5-nitro-1H-benzo[d]imidazol- 1-yl)ethan-1-amine","{""convention"": ""Single Convention on Narcotic Drugs, 1961"", ""schedules"": [""I""], ""ids_code"": [""NM 026""], ""rows"": [""NM 026 14680-51-4 METONITAZENE N,N-diethyl-2-(2-(4-methoxybenzyl)-5-nitro-1H-benzo[d]imidazol- 1-yl)ethan-1-amine""]}"
legal_rule,R-INT-PROTONITAZENE-YELLOW,protonitazene,control_status,legal,1,NEEDS_REVIEW,,SRC-INCB-YELLOW-LIST-65,,,,,"NP 035 95958-84-2 PROTONITAZENE N,N-Diethyl-5-nitro-2-[(4-propoxyphenyl)methyl]-1H-benzimidazole- 1-ethanamine","{""convention"": ""Single Convention on Narcotic Drugs, 1961"", ""schedules"": [""I""], ""ids_code"": [""NP 035""], ""rows"": [""NP 035 95958-84-2 PROTONITAZENE N,N-Diethyl-5-nitro-2-[(4-propoxyphenyl)methyl]-1H-benzimidazole- 1-ethanamine""]}"
legal_rule,R-INT-ETONITAZENE-YELLOW,etonitazene,control_status,legal,1,NEEDS_REVIEW,,SRC-INCB-YELLOW-LIST-65,,,,,NE 006 911-65-9 ETONITAZENE 1-diethylaminoethyl-2-p-ethoxybenzyl-5-nitrobenzimidazole,"{""convention"": ""Single Convention on Narcotic Drugs, 1961"", ""schedules"": [""I""], ""ids_code"": [""NE 006""], ""rows"": [""NE 006 911-65-9 ETONITAZENE 1-diethylaminoethyl-2-p-ethoxybenzyl-5-nitrobenzimidazole""]}"
legal_rule,R-INT-ETONITAZEPYNE-YELLOW,etonitazepyne,control_status,legal,1,NEEDS_REVIEW,,SRC-INCB-YELLOW-LIST-65,,,,,NE010 2785346-75-8 ETONITAZEPYNE 2-[(4-Ethoxyphenyl)methyl]-5-nitro-1-(2-pyrrolidin-1-ylethyl)-1H- benzoimidazole,"{""convention"": ""Single Convention on Narcotic Drugs, 1961"", ""schedules"": [""I""], ""ids_code"": [""NE010""], ""rows"": [""NE010 2785346-75-8 ETONITAZEPYNE 2-[(4-Ethoxyphenyl)methyl]-5-nitro-1-(2-pyrrolidin-1-ylethyl)-1H- benzoimidazole""]}"
legal_rule,R-INT-AMPHETAMINE-GREEN,amphetamine,control_status,legal,1,NEEDS_REVIEW,,SRC-INCB-GREEN-LIST-36,,,,,PA 003 300-62-9 AMFETAMINE amphetamine (±)-α-methylphenethylamine,"{""convention"": ""Convention on Psychotropic Substances of 1971"", ""schedules"": [""II""], ""ids_code"": [""PA 003""], ""rows"": [""PA 003 300-62-9 AMFETAMINE amphetamine (±)-α-methylphenethylamine""]}"
legal_rule,R-INT-MDMA-GREEN,mdma,control_status,legal,1,NEEDS_REVIEW,,SRC-INCB-GREEN-LIST-36,,,,,"PM 011 MDMA (±)-N,α-dimethyl-3,4-(methylenedioxy)phenethylamine","{""convention"": ""Convention on Psychotropic Substances of 1971"", ""schedules"": [""I""], ""ids_code"": [""PM 011""], ""rows"": [""PM 011 MDMA (±)-N,α-dimethyl-3,4-(methylenedioxy)phenethylamine""]}"
legal_rule,R-INT-MDA-GREEN,mda,control_status,legal,1,NEEDS_REVIEW,,SRC-INCB-GREEN-LIST-36,,,,,"PM 014 TENAMFETAMINE MDA α-methyl-3,4-(methylenedioxy)phenethylamine","{""convention"": ""Convention on Psychotropic Substances of 1971"", ""schedules"": [""I""], ""ids_code"": [""PM 014""], ""rows"": [""PM 014 TENAMFETAMINE MDA α-methyl-3,4-(methylenedioxy)phenethylamine""]}"
legal_rule,R-INT-MDEA-GREEN,mdea,control_status,legal,1,NEEDS_REVIEW,,SRC-INCB-GREEN-LIST-36,,,,,"PN 004 N-ethyl MDA, MDEA (±)-N-ethyl-α-methyl-3,4-(methylenedioxy)phenethylamine","{""convention"": ""Convention on Psychotropic Substances of 1971"", ""schedules"": [""I""], ""ids_code"": [""PN 004""], ""rows"": [""PN 004 N-ethyl MDA, MDEA (±)-N-ethyl-α-methyl-3,4-(methylenedioxy)phenethylamine""]}"
legal_rule,R-INT-MEPHEDRONE-GREEN,mephedrone,control_status,legal,1,NEEDS_REVIEW,,SRC-INCB-GREEN-LIST-36,,,,,"PM 022 1189805-46-6 mephedrone, 4- (RS)-2-methylamino-1-(4-methylphenyl)propan- methylmethcathinone 1-one","{""convention"": ""Convention on Psychotropic Substances of 1971"", ""schedules"": [""II""], ""ids_code"": [""PM 022""], ""rows"": [""PM 022 1189805-46-6 mephedrone, 4- (RS)-2-methylamino-1-(4-methylphenyl)propan- methylmethcathinone 1-one""]}"
legal_rule,R-INT-MDPV-GREEN,mdpv,control_status,legal,1,NEEDS_REVIEW,,SRC-INCB-GREEN-LIST-36,,,,,"PM 021 687603-66-3 MDPV, 3,4- (RS)-1-(Benzo[d][1,3]dioxol-5-yl)-2- methylenedioxypyrovale (pyrrolidin-1-yl)pentan-1-one","{""convention"": ""Convention on Psychotropic Substances of 1971"", ""schedules"": [""II""], ""ids_code"": [""PM 021""], ""rows"": [""PM 021 687603-66-3 MDPV, 3,4- (RS)-1-(Benzo[d][1,3]dioxol-5-yl)-2- methylenedioxypyrovale (pyrrolidin-1-yl)pentan-1-one""]}"
legal_rule,R-INT-ALPHA-PVP-GREEN,alpha-pvp,control_status,legal,1,NEEDS_REVIEW,,SRC-INCB-GREEN-LIST-36,,,,,PP 022 14530-33-7 alpha-PVP α-pyrrolidinovalerophenone,"{""convention"": ""Convention on Psychotropic Substances of 1971"", ""schedules"": [""II""], ""ids_code"": [""PP 022""], ""rows"": [""PP 022 14530-33-7 alpha-PVP α-pyrrolidinovalerophenone""]}"
legal_rule,R-INT-METHYLPHENIDATE-GREEN,methylphenidate,control_status,legal,1,NEEDS_REVIEW,,SRC-INCB-GREEN-LIST-36,,,,,PM 007 113-45-1 METHYLPHENIDATE methyl α-phenyl-2-piperidine acetate,"{""convention"": ""Convention on Psychotropic Substances of 1971"", ""schedules"": [""II""], ""ids_code"": [""PM 007""], ""rows"": [""PM 007 113-45-1 METHYLPHENIDATE methyl α-phenyl-2-piperidine acetate""]}"
legal_rule,R-INT-CATHINONE-GREEN,cathinone,control_status,legal,1,NEEDS_REVIEW,,SRC-INCB-GREEN-LIST-36,,,,,PC 010 CATHINONE (–)-(S)-2-aminopropiophenone,"{""convention"": ""Convention on Psychotropic Substances of 1971"", ""schedules"": [""I""], ""ids_code"": [""PC 010""], ""rows"": [""PC 010 CATHINONE (–)-(S)-2-aminopropiophenone""]}"
legal_rule,R-INT-JWH-018-GREEN,jwh-018,control_status,legal,1,NEEDS_REVIEW,,SRC-INCB-GREEN-LIST-36,,,,,"PJ 001 209414-07-3 JWH-018, AM-678 Naphthalene-1-yl(1-pentyl-1H-indol-3- yl)methanone","{""convention"": ""Convention on Psychotropic Substances of 1971"", ""schedules"": [""II""], ""ids_code"": [""PJ 001""], ""rows"": [""PJ 001 209414-07-3 JWH-018, AM-678 Naphthalene-1-yl(1-pentyl-1H-indol-3- yl)methanone""]}"
legal_rule,R-INT-MDMB-4EN-PINACA-GREEN,mdmb-4en-pinaca,control_status,legal,1,NEEDS_REVIEW,,SRC-INCB-GREEN-LIST-36,,,,,"PM 030 2504100-70-1 MDMB-4en-PINACA Methyl 3,3-dimethyl-2-(1- (pent-4-en-1-yl)-1H- indazole-3- carboxamido)butanoate","{""convention"": ""Convention on Psychotropic Substances of 1971"", ""schedules"": [""II""], ""ids_code"": [""PM 030""], ""rows"": [""PM 030 2504100-70-1 MDMB-4en-PINACA Methyl 3,3-dimethyl-2-(1- (pent-4-en-1-yl)-1H- indazole-3- carboxamido)butanoate""]}"
legal_rule,R-INT-ADB-BUTINACA-GREEN,adb-butinaca,control_status,legal,1,NEEDS_REVIEW,,SRC-INCB-GREEN-LIST-36,,,,,"PA 011 2682867-55-4 ADB-BUTINACA N-[1-(aminocarbonyl)-2,2-dimethylpropyl]-1-butyl- 1H-indazole-3-carboxamide","{""convention"": ""Convention on Psychotropic Substances of 1971"", ""schedules"": [""II""], ""ids_code"": [""PA 011""], ""rows"": [""PA 011 2682867-55-4 ADB-BUTINACA N-[1-(aminocarbonyl)-2,2-dimethylpropyl]-1-butyl- 1H-indazole-3-carboxamide""]}"
legal_rule,R-INT-PCP-GREEN,pcp,control_status,legal,1,NEEDS_REVIEW,,SRC-INCB-GREEN-LIST-36,,,,,PP 005 77-10-1 PHENCYCLIDINE PCP 1-(1-phenylcyclohexyl)piperidine,"{""convention"": ""Convention on Psychotropic Substances of 1971"", ""schedules"": [""II""], ""ids_code"": [""PP 005""], ""rows"": [""PP 005 77-10-1 PHENCYCLIDINE PCP 1-(1-phenylcyclohexyl)piperidine""]}"
legal_rule,R-INT-LSD-GREEN,lsd,control_status,legal,1,NEEDS_REVIEW,,SRC-INCB-GREEN-LIST-36,,,,,"PL 002 (+)-LYSERGIDE LSD, LSD-25 9,10-didehydro-N,N-diethyl-6-methylergoline-8β-carboxamide","{""convention"": ""Convention on Psychotropic Substances of 1971"", ""schedules"": [""I""], ""ids_code"": [""PL 002""], ""rows"": [""PL 002 (+)-LYSERGIDE LSD, LSD-25 9,10-didehydro-N,N-diethyl-6-methylergoline-8β-carboxamide""]}"
legal_rule,R-INT-PSILOCYBIN-GREEN,psilocybin,control_status,legal,1,NEEDS_REVIEW,,SRC-INCB-GREEN-LIST-36,,,,,PP 013 PSILOCYBINE 3-[2-(dimethylamino)ethyl]indol-4-yl dihydrogen phosphate,"{""convention"": ""Convention on Psychotropic Substances of 1971"", ""schedules"": [""I""], ""ids_code"": [""PP 013""], ""rows"": [""PP 013 PSILOCYBINE 3-[2-(dimethylamino)ethyl]indol-4-yl dihydrogen phosphate""]}"
legal_rule,R-INT-GHB-GREEN,ghb,control_status,legal,1,NEEDS_REVIEW,,SRC-INCB-GREEN-LIST-36,,,,,PG 002 591-81-1 gamma- GHB γ-hydroxybutyric acid HYDROXYBUTIRIC,"{""convention"": ""Convention on Psychotropic Substances of 1971"", ""schedules"": [""II""], ""ids_code"": [""PG 002""], ""rows"": [""PG 002 591-81-1 gamma- GHB γ-hydroxybutyric acid HYDROXYBUTIRIC""]}"
legal_rule,R-INT-2C-B-GREEN,2c-b,control_status,legal,1,NEEDS_REVIEW,,SRC-INCB-GREEN-LIST-36,,,,,"PB 008 66142-81-2 2C-B 4-bromo-2,5-dimethoxyphenethylamine","{""convention"": ""Convention on Psychotropic Substances of 1971"", ""schedules"": [""II""], ""ids_code"": [""PB 008""], ""rows"": [""PB 008 66142-81-2 2C-B 4-bromo-2,5-dimethoxyphenethylamine""]}"
legal_rule,R-INT-DIAZEPAM-GREEN,diazepam,control_status,legal,1,NEEDS_REVIEW,,SRC-INCB-GREEN-LIST-36,,,,,"PD 006 439-14-5 DIAZEPAM 7-chloro-1,3-dihydro-1-methyl-5-phenyl-2H-1,4- benzodiazepin-2-one","{""convention"": ""Convention on Psychotropic Substances of 1971"", ""schedules"": [""IV""], ""ids_code"": [""PD 006""], ""rows"": [""PD 006 439-14-5 DIAZEPAM 7-chloro-1,3-dihydro-1-methyl-5-phenyl-2H-1,4- benzodiazepin-2-one""]}"
legal_rule,R-INT-NORDIAZEPAM-GREEN,nordiazepam,control_status,legal,1,NEEDS_REVIEW,,SRC-INCB-GREEN-LIST-36,,,,,"PN 003 1088-11-5 NORDAZEPAM 7-chloro-1,3-dihydro-5-phenyl-2H-1,4- benzodiazepin-2-one","{""convention"": ""Convention on Psychotropic Substances of 1971"", ""schedules"": [""IV""], ""ids_code"": [""PN 003""], ""rows"": [""PN 003 1088-11-5 NORDAZEPAM 7-chloro-1,3-dihydro-5-phenyl-2H-1,4- benzodiazepin-2-one""]}"
legal_rule,R-INT-OXAZEPAM-GREEN,oxazepam,control_status,legal,1,NEEDS_REVIEW,,SRC-INCB-GREEN-LIST-36,,,,,"PO 001 604-75-1 OXAZEPAM 7-chloro-1,3-dihydro-3-hydroxy-5-phenyl-2H-1,4- benzodiazepin-2-one","{""convention"": ""Convention on Psychotropic Substances of 1971"", ""schedules"": [""IV""], ""ids_code"": [""PO 001""], ""rows"": [""PO 001 604-75-1 OXAZEPAM 7-chloro-1,3-dihydro-3-hydroxy-5-phenyl-2H-1,4- benzodiazepin-2-one""]}"
legal_rule,R-INT-TEMAZEPAM-GREEN,temazepam,control_status,legal,1,NEEDS_REVIEW,,SRC-INCB-GREEN-LIST-36,,,,,"PT 003 846-50-4 TEMAZEPAM 7-chloro-1,3-dihydro-3-hydroxy-1-methyl-5-phenyl- 2H-1,4-benzodiazepin-2-one","{""convention"": ""Convention on Psychotropic Substances of 1971"", ""schedules"": [""IV""], ""ids_code"": [""PT 003""], ""rows"": [""PT 003 846-50-4 TEMAZEPAM 7-chloro-1,3-dihydro-3-hydroxy-1-methyl-5-phenyl- 2H-1,4-benzodiazepin-2-one""]}"
legal_rule,R-INT-LORAZEPAM-GREEN,lorazepam,control_status,legal,1,NEEDS_REVIEW,,SRC-INCB-GREEN-LIST-36,,,,,"PL 004 846-49-1 LORAZEPAM 7-chloro-5-(o-chlorophenyl)-1,3-dihydro-3-hydroxy-2H- 1,4-benzodiazepin-2-one","{""convention"": ""Convention on Psychotropic Substances of 1971"", ""schedules"": [""IV""], ""ids_code"": [""PL 004""], ""rows"": [""PL 004 846-49-1 LORAZEPAM 7-chloro-5-(o-chlorophenyl)-1,3-dihydro-3-hydroxy-2H- 1,4-benzodiazepin-2-one""]}"
legal_rule,R-INT-CLONAZEPAM-GREEN,clonazepam,control_status,legal,1,NEEDS_REVIEW,,SRC-INCB-GREEN-LIST-36,,,,,"PC 005 1622-61-3 CLONAZEPAM 5-(o-chlorophenyl)-1,3-dihydro-7-nitro-2H-1,4- benzodiazepin-2-one","{""convention"": ""Convention on Psychotropic Substances of 1971"", ""schedules"": [""IV""], ""ids_code"": [""PC 005""], ""rows"": [""PC 005 1622-61-3 CLONAZEPAM 5-(o-chlorophenyl)-1,3-dihydro-7-nitro-2H-1,4- benzodiazepin-2-one""]}"
legal_rule,R-INT-MIDAZOLAM-GREEN,midazolam,control_status,legal,1,NEEDS_REVIEW,,SRC-INCB-GREEN-LIST-36,,,,,"PM 016 59467-70-8 MIDAZOLAM 8-chloro-6-(o-fluorophenyl)-1-methyl-4H- imidazo[1,5- a][1,4]benzodiazepine","{""convention"": ""Convention on Psychotropic Substances of 1971"", ""schedules"": [""IV""], ""ids_code"": [""PM 016""], ""rows"": [""PM 016 59467-70-8 MIDAZOLAM 8-chloro-6-(o-fluorophenyl)-1-methyl-4H- imidazo[1,5- a][1,4]benzodiazepine""]}"
legal_rule,R-INT-FLUNITRAZEPAM-GREEN,flunitrazepam,control_status,legal,1,NEEDS_REVIEW,,SRC-INCB-GREEN-LIST-36,,,,,"PF 002 1622-62-4 FLUNITRAZEPAM 5-(o-fluorophenyl)-1,3-dihydro-1-methyl-7-nitro-2H- 1,4-benzodiazepin-2-one","{""convention"": ""Convention on Psychotropic Substances of 1971"", ""schedules"": [""III""], ""ids_code"": [""PF 002""], ""rows"": [""PF 002 1622-62-4 FLUNITRAZEPAM 5-(o-fluorophenyl)-1,3-dihydro-1-methyl-7-nitro-2H- 1,4-benzodiazepin-2-one""]}"
legal_rule,R-INT-ETIZOLAM-GREEN,etizolam,control_status,legal,1,NEEDS_REVIEW,,SRC-INCB-GREEN-LIST-36,,,,,"PE 009 40054-69-1 ETIZOLAM 4-(2-Chlorophenyl)-2-ethyl-9-methyl-6H-thieno[3,2- f][1,2,4]triazolo[4,3a][1,4]diazepine","{""convention"": ""Convention on Psychotropic Substances of 1971"", ""schedules"": [""IV""], ""ids_code"": [""PE 009""], ""rows"": [""PE 009 40054-69-1 ETIZOLAM 4-(2-Chlorophenyl)-2-ethyl-9-methyl-6H-thieno[3,2- f][1,2,4]triazolo[4,3a][1,4]diazepine""]}"
legal_rule,R-INT-BROMAZOLAM-GREEN,bromazolam,control_status,legal,1,NEEDS_REVIEW,,SRC-INCB-GREEN-LIST-36,,,,,"PB 009 71368-80-4 bromazolam 8-bromo-1-methyl-6-phenyl-4H-[1,2,4]triazolo[4,3- a][1,4]benzodiazepine","{""convention"": ""Convention on Psychotropic Substances of 1971"", ""schedules"": [""IV""], ""ids_code"": [""PB 009""], ""rows"": [""PB 009 71368-80-4 bromazolam 8-bromo-1-methyl-6-phenyl-4H-[1,2,4]triazolo[4,3- a][1,4]benzodiazepine""]}"
legal_rule,R-INT-FLUALPRAZOLAM-GREEN,flualprazolam,control_status,legal,1,NEEDS_REVIEW,,SRC-INCB-GREEN-LIST-36,,,,,"PF 011 28910-91-0 flualprazolam 8-Chloro-6-(2-fluoro-phenyl)-1-methyl-4h- benzo[f][1,2,4]triazolo[4,3-a][1,4]diazepime","{""convention"": ""Convention on Psychotropic Substances of 1971"", ""schedules"": [""IV""], ""ids_code"": [""PF 011""], ""rows"": [""PF 011 28910-91-0 flualprazolam 8-Chloro-6-(2-fluoro-phenyl)-1-methyl-4h- benzo[f][1,2,4]triazolo[4,3-a][1,4]diazepime""]}"
legal_rule,R-INT-ZOLPIDEM-GREEN,zolpidem,control_status,legal,1,NEEDS_REVIEW,,SRC-INCB-GREEN-LIST-36,,,,,"PZ 002 82626-48-0 ZOLPIDEM N,N,6-trimethyl-2-p-tolylimidazo[1,2-a]pyridine-3- acetamide","{""convention"": ""Convention on Psychotropic Substances of 1971"", ""schedules"": [""IV""], ""ids_code"": [""PZ 002""], ""rows"": [""PZ 002 82626-48-0 ZOLPIDEM N,N,6-trimethyl-2-p-tolylimidazo[1,2-a]pyridine-3- acetamide""]}"
legal_rule,R-INT-PHENOBARBITAL-GREEN,phenobarbital,control_status,legal,1,NEEDS_REVIEW,,SRC-INCB-GREEN-LIST-36,,,,,PP 008 50-06-6 PHENOBARBITAL 5-ethyl-5-phenylbarbituric acid,"{""convention"": ""Convention on Psychotropic Substances of 1971"", ""schedules"": [""IV""], ""ids_code"": [""PP 008""], ""rows"": [""PP 008 50-06-6 PHENOBARBITAL 5-ethyl-5-phenylbarbituric acid""]}"
legal_rule,R-INT-PENTOBARBITAL-GREEN,pentobarbital,control_status,legal,1,NEEDS_REVIEW,,SRC-INCB-GREEN-LIST-36,,,,,PP 002 76-74-4 PENTOBARBITAL 5-ethyl-5-(1-methylbutyl)barbituric acid,"{""convention"": ""Convention on Psychotropic Substances of 1971"", ""schedules"": [""III""], ""ids_code"": [""PP 002""], ""rows"": [""PP 002 76-74-4 PENTOBARBITAL 5-ethyl-5-(1-methylbutyl)barbituric acid""]}"
legal_rule,R-INT-SECOBARBITAL-GREEN,secobarbital,control_status,legal,1,NEEDS_REVIEW,,SRC-INCB-GREEN-LIST-36,,,,,PS 001 76-73-3 SECOBARBITAL 5-allyl-5-(1-methylbutyl)barbituric acid,"{""convention"": ""Convention on Psychotropic Substances of 1971"", ""schedules"": [""II""], ""ids_code"": [""PS 001""], ""rows"": [""PS 001 76-73-3 SECOBARBITAL 5-allyl-5-(1-methylbutyl)barbituric acid""]}"
legal_rule,R-INT-BUTALBITAL-GREEN,butalbital,control_status,legal,1,NEEDS_REVIEW,,SRC-INCB-GREEN-LIST-36,,,,,PB 004 77-26-9 BUTALBITAL 5-allyl-5-isobutylbarbituric acid,"{""convention"": ""Convention on Psychotropic Substances of 1971"", ""schedules"": [""III""], ""ids_code"": [""PB 004""], ""rows"": [""PB 004 77-26-9 BUTALBITAL 5-allyl-5-isobutylbarbituric acid""]}"
image,IMG-STRUCT-ethanol,ethanol,image_license,legal,1,NEEDS_REVIEW,,,,https://pubchem.ncbi.nlm.nih.gov/compound/702,,original_depiction_of_factual_data,,"{""attribution"": ""Structure drawn from PubChem CID 702 SMILES with RDKit"", ""alt"": ""2D chemical structure diagram of Ethanol (C2H6O)"", ""represents_real_data"": false}"
image,IMG-STRUCT-methanol,methanol,image_license,legal,1,NEEDS_REVIEW,,,,https://pubchem.ncbi.nlm.nih.gov/compound/887,,original_depiction_of_factual_data,,"{""attribution"": ""Structure drawn from PubChem CID 887 SMILES with RDKit"", ""alt"": ""2D chemical structure diagram of Methanol (CH4O)"", ""represents_real_data"": false}"
image,IMG-STRUCT-isopropanol,isopropanol,image_license,legal,1,NEEDS_REVIEW,,,,https://pubchem.ncbi.nlm.nih.gov/compound/3776,,original_depiction_of_factual_data,,"{""attribution"": ""Structure drawn from PubChem CID 3776 SMILES with RDKit"", ""alt"": ""2D chemical structure diagram of Isopropanol (C3H8O)"", ""represents_real_data"": false}"
image,IMG-STRUCT-acetone,acetone,image_license,legal,1,NEEDS_REVIEW,,,,https://pubchem.ncbi.nlm.nih.gov/compound/180,,original_depiction_of_factual_data,,"{""attribution"": ""Structure drawn from PubChem CID 180 SMILES with RDKit"", ""alt"": ""2D chemical structure diagram of Acetone (C3H6O)"", ""represents_real_data"": false}"
image,IMG-STRUCT-ethylene-glycol,ethylene-glycol,image_license,legal,1,NEEDS_REVIEW,,,,https://pubchem.ncbi.nlm.nih.gov/compound/174,,original_depiction_of_factual_data,,"{""attribution"": ""Structure drawn from PubChem CID 174 SMILES with RDKit"", ""alt"": ""2D chemical structure diagram of Ethylene glycol (C2H6O2)"", ""represents_real_data"": false}"
image,IMG-STRUCT-diethylene-glycol,diethylene-glycol,image_license,legal,1,NEEDS_REVIEW,,,,https://pubchem.ncbi.nlm.nih.gov/compound/8117,,original_depiction_of_factual_data,,"{""attribution"": ""Structure drawn from PubChem CID 8117 SMILES with RDKit"", ""alt"": ""2D chemical structure diagram of Diethylene glycol (C4H10O3)"", ""represents_real_data"": false}"
image,IMG-STRUCT-toluene,toluene,image_license,legal,1,NEEDS_REVIEW,,,,https://pubchem.ncbi.nlm.nih.gov/compound/1140,,original_depiction_of_factual_data,,"{""attribution"": ""Structure drawn from PubChem CID 1140 SMILES with RDKit"", ""alt"": ""2D chemical structure diagram of Toluene (C7H8)"", ""represents_real_data"": false}"
image,IMG-STRUCT-butane,butane,image_license,legal,1,NEEDS_REVIEW,,,,https://pubchem.ncbi.nlm.nih.gov/compound/7843,,original_depiction_of_factual_data,,"{""attribution"": ""Structure drawn from PubChem CID 7843 SMILES with RDKit"", ""alt"": ""2D chemical structure diagram of Butane (C4H10)"", ""represents_real_data"": false}"
image,IMG-STRUCT-chloroform,chloroform,image_license,legal,1,NEEDS_REVIEW,,,,https://pubchem.ncbi.nlm.nih.gov/compound/6212,,original_depiction_of_factual_data,,"{""attribution"": ""Structure drawn from PubChem CID 6212 SMILES with RDKit"", ""alt"": ""2D chemical structure diagram of Chloroform (CHCl3)"", ""represents_real_data"": false}"
image,IMG-STRUCT-difluoroethane,difluoroethane,image_license,legal,1,NEEDS_REVIEW,,,,https://pubchem.ncbi.nlm.nih.gov/compound/6368,,original_depiction_of_factual_data,,"{""attribution"": ""Structure drawn from PubChem CID 6368 SMILES with RDKit"", ""alt"": ""2D chemical structure diagram of 1,1-Difluoroethane (C2H4F2)"", ""represents_real_data"": false}"
image,IMG-STRUCT-carbon-monoxide,carbon-monoxide,image_license,legal,1,NEEDS_REVIEW,,,,https://pubchem.ncbi.nlm.nih.gov/compound/281,,original_depiction_of_factual_data,,"{""attribution"": ""Structure drawn from PubChem CID 281 SMILES with RDKit"", ""alt"": ""2D chemical structure diagram of Carbon monoxide (CO)"", ""represents_real_data"": false}"
image,IMG-STRUCT-hydrogen-cyanide,hydrogen-cyanide,image_license,legal,1,NEEDS_REVIEW,,,,https://pubchem.ncbi.nlm.nih.gov/compound/768,,original_depiction_of_factual_data,,"{""attribution"": ""Structure drawn from PubChem CID 768 SMILES with RDKit"", ""alt"": ""2D chemical structure diagram of Hydrogen cyanide (CHN)"", ""represents_real_data"": false}"
image,IMG-STRUCT-hydrogen-sulfide,hydrogen-sulfide,image_license,legal,1,NEEDS_REVIEW,,,,https://pubchem.ncbi.nlm.nih.gov/compound/402,,original_depiction_of_factual_data,,"{""attribution"": ""Structure drawn from PubChem CID 402 SMILES with RDKit"", ""alt"": ""2D chemical structure diagram of Hydrogen sulfide (H2S)"", ""represents_real_data"": false}"
image,IMG-STRUCT-phosphine,phosphine,image_license,legal,1,NEEDS_REVIEW,,,,https://pubchem.ncbi.nlm.nih.gov/compound/24404,,original_depiction_of_factual_data,,"{""attribution"": ""Structure drawn from PubChem CID 24404 SMILES with RDKit"", ""alt"": ""2D chemical structure diagram of Phosphine (H3P)"", ""represents_real_data"": false}"
image,IMG-STRUCT-nitrous-oxide,nitrous-oxide,image_license,legal,1,NEEDS_REVIEW,,,,https://pubchem.ncbi.nlm.nih.gov/compound/948,,original_depiction_of_factual_data,,"{""attribution"": ""Structure drawn from PubChem CID 948 SMILES with RDKit"", ""alt"": ""2D chemical structure diagram of Nitrous oxide (N2O)"", ""represents_real_data"": false}"
image,IMG-STRUCT-morphine,morphine,image_license,legal,1,NEEDS_REVIEW,,,,https://pubchem.ncbi.nlm.nih.gov/compound/5288826,,original_depiction_of_factual_data,,"{""attribution"": ""Structure drawn from PubChem CID 5288826 SMILES with RDKit"", ""alt"": ""2D chemical structure diagram of Morphine (C17H19NO3)"", ""represents_real_data"": false}"
image,IMG-STRUCT-codeine,codeine,image_license,legal,1,NEEDS_REVIEW,,,,https://pubchem.ncbi.nlm.nih.gov/compound/5284371,,original_depiction_of_factual_data,,"{""attribution"": ""Structure drawn from PubChem CID 5284371 SMILES with RDKit"", ""alt"": ""2D chemical structure diagram of Codeine (C18H21NO3)"", ""represents_real_data"": false}"
image,IMG-STRUCT-heroin,heroin,image_license,legal,1,NEEDS_REVIEW,,,,https://pubchem.ncbi.nlm.nih.gov/compound/5462328,,original_depiction_of_factual_data,,"{""attribution"": ""Structure drawn from PubChem CID 5462328 SMILES with RDKit"", ""alt"": ""2D chemical structure diagram of Heroin (diacetylmorphine) (C21H23NO5)"", ""represents_real_data"": false}"
image,IMG-STRUCT-6-mam,6-mam,image_license,legal,1,NEEDS_REVIEW,,,,https://pubchem.ncbi.nlm.nih.gov/compound/5462507,,original_depiction_of_factual_data,,"{""attribution"": ""Structure drawn from PubChem CID 5462507 SMILES with RDKit"", ""alt"": ""2D chemical structure diagram of 6-Monoacetylmorphine (6-MAM) (C19H21NO4)"", ""represents_real_data"": false}"
image,IMG-STRUCT-hydrocodone,hydrocodone,image_license,legal,1,NEEDS_REVIEW,,,,https://pubchem.ncbi.nlm.nih.gov/compound/5284569,,original_depiction_of_factual_data,,"{""attribution"": ""Structure drawn from PubChem CID 5284569 SMILES with RDKit"", ""alt"": ""2D chemical structure diagram of Hydrocodone (C18H21NO3)"", ""represents_real_data"": false}"
image,IMG-STRUCT-hydromorphone,hydromorphone,image_license,legal,1,NEEDS_REVIEW,,,,https://pubchem.ncbi.nlm.nih.gov/compound/5284570,,original_depiction_of_factual_data,,"{""attribution"": ""Structure drawn from PubChem CID 5284570 SMILES with RDKit"", ""alt"": ""2D chemical structure diagram of Hydromorphone (C17H19NO3)"", ""represents_real_data"": false}"
image,IMG-STRUCT-oxycodone,oxycodone,image_license,legal,1,NEEDS_REVIEW,,,,https://pubchem.ncbi.nlm.nih.gov/compound/5284603,,original_depiction_of_factual_data,,"{""attribution"": ""Structure drawn from PubChem CID 5284603 SMILES with RDKit"", ""alt"": ""2D chemical structure diagram of Oxycodone (C18H21NO4)"", ""represents_real_data"": false}"
image,IMG-STRUCT-oxymorphone,oxymorphone,image_license,legal,1,NEEDS_REVIEW,,,,https://pubchem.ncbi.nlm.nih.gov/compound/5284604,,original_depiction_of_factual_data,,"{""attribution"": ""Structure drawn from PubChem CID 5284604 SMILES with RDKit"", ""alt"": ""2D chemical structure diagram of Oxymorphone (C17H19NO4)"", ""represents_real_data"": false}"
image,IMG-STRUCT-methadone,methadone,image_license,legal,1,NEEDS_REVIEW,,,,https://pubchem.ncbi.nlm.nih.gov/compound/4095,,original_depiction_of_factual_data,,"{""attribution"": ""Structure drawn from PubChem CID 4095 SMILES with RDKit"", ""alt"": ""2D chemical structure diagram of Methadone (C21H27NO)"", ""represents_real_data"": false}"
image,IMG-STRUCT-buprenorphine,buprenorphine,image_license,legal,1,NEEDS_REVIEW,,,,https://pubchem.ncbi.nlm.nih.gov/compound/644073,,original_depiction_of_factual_data,,"{""attribution"": ""Structure drawn from PubChem CID 644073 SMILES with RDKit"", ""alt"": ""2D chemical structure diagram of Buprenorphine (C29H41NO4)"", ""represents_real_data"": false}"
image,IMG-STRUCT-tramadol,tramadol,image_license,legal,1,NEEDS_REVIEW,,,,https://pubchem.ncbi.nlm.nih.gov/compound/33741,,original_depiction_of_factual_data,,"{""attribution"": ""Structure drawn from PubChem CID 33741 SMILES with RDKit"", ""alt"": ""2D chemical structure diagram of Tramadol (C16H25NO2)"", ""represents_real_data"": false}"
image,IMG-STRUCT-tapentadol,tapentadol,image_license,legal,1,NEEDS_REVIEW,,,,https://pubchem.ncbi.nlm.nih.gov/compound/9838022,,original_depiction_of_factual_data,,"{""attribution"": ""Structure drawn from PubChem CID 9838022 SMILES with RDKit"", ""alt"": ""2D chemical structure diagram of Tapentadol (C14H23NO)"", ""represents_real_data"": false}"
image,IMG-STRUCT-fentanyl,fentanyl,image_license,legal,1,NEEDS_REVIEW,,,,https://pubchem.ncbi.nlm.nih.gov/compound/3345,,original_depiction_of_factual_data,,"{""attribution"": ""Structure drawn from PubChem CID 3345 SMILES with RDKit"", ""alt"": ""2D chemical structure diagram of Fentanyl (C22H28N2O)"", ""represents_real_data"": false}"
image,IMG-STRUCT-norfentanyl,norfentanyl,image_license,legal,1,NEEDS_REVIEW,,,,https://pubchem.ncbi.nlm.nih.gov/compound/259381,,original_depiction_of_factual_data,,"{""attribution"": ""Structure drawn from PubChem CID 259381 SMILES with RDKit"", ""alt"": ""2D chemical structure diagram of Norfentanyl (C14H20N2O)"", ""represents_real_data"": false}"
image,IMG-STRUCT-carfentanil,carfentanil,image_license,legal,1,NEEDS_REVIEW,,,,https://pubchem.ncbi.nlm.nih.gov/compound/62156,,original_depiction_of_factual_data,,"{""attribution"": ""Structure drawn from PubChem CID 62156 SMILES with RDKit"", ""alt"": ""2D chemical structure diagram of Carfentanil (C24H30N2O3)"", ""represents_real_data"": false}"
image,IMG-STRUCT-acetylfentanyl,acetylfentanyl,image_license,legal,1,NEEDS_REVIEW,,,,https://pubchem.ncbi.nlm.nih.gov/compound/527015,,original_depiction_of_factual_data,,"{""attribution"": ""Structure drawn from PubChem CID 527015 SMILES with RDKit"", ""alt"": ""2D chemical structure diagram of Acetylfentanyl (C21H26N2O)"", ""represents_real_data"": false}"
image,IMG-STRUCT-furanylfentanyl,furanylfentanyl,image_license,legal,1,NEEDS_REVIEW,,,,https://pubchem.ncbi.nlm.nih.gov/compound/13653606,,original_depiction_of_factual_data,,"{""attribution"": ""Structure drawn from PubChem CID 13653606 SMILES with RDKit"", ""alt"": ""2D chemical structure diagram of Furanylfentanyl (C24H26N2O2)"", ""represents_real_data"": false}"
image,IMG-STRUCT-sufentanil,sufentanil,image_license,legal,1,NEEDS_REVIEW,,,,https://pubchem.ncbi.nlm.nih.gov/compound/41693,,original_depiction_of_factual_data,,"{""attribution"": ""Structure drawn from PubChem CID 41693 SMILES with RDKit"", ""alt"": ""2D chemical structure diagram of Sufentanil (C22H30N2O2S)"", ""represents_real_data"": false}"
image,IMG-STRUCT-alfentanil,alfentanil,image_license,legal,1,NEEDS_REVIEW,,,,https://pubchem.ncbi.nlm.nih.gov/compound/51263,,original_depiction_of_factual_data,,"{""attribution"": ""Structure drawn from PubChem CID 51263 SMILES with RDKit"", ""alt"": ""2D chemical structure diagram of Alfentanil (C21H32N6O3)"", ""represents_real_data"": false}"
image,IMG-STRUCT-isotonitazene,isotonitazene,image_license,legal,1,NEEDS_REVIEW,,,,https://pubchem.ncbi.nlm.nih.gov/compound/145721979,,original_depiction_of_factual_data,,"{""attribution"": ""Structure drawn from PubChem CID 145721979 SMILES with RDKit"", ""alt"": ""2D chemical structure diagram of Isotonitazene (C23H30N4O3)"", ""represents_real_data"": false}"
image,IMG-STRUCT-metonitazene,metonitazene,image_license,legal,1,NEEDS_REVIEW,,,,https://pubchem.ncbi.nlm.nih.gov/compound/53316366,,original_depiction_of_factual_data,,"{""attribution"": ""Structure drawn from PubChem CID 53316366 SMILES with RDKit"", ""alt"": ""2D chemical structure diagram of Metonitazene (C21H26N4O3)"", ""represents_real_data"": false}"
image,IMG-STRUCT-protonitazene,protonitazene,image_license,legal,1,NEEDS_REVIEW,,,,https://pubchem.ncbi.nlm.nih.gov/compound/156589001,,original_depiction_of_factual_data,,"{""attribution"": ""Structure drawn from PubChem CID 156589001 SMILES with RDKit"", ""alt"": ""2D chemical structure diagram of Protonitazene (C23H30N4O3)"", ""represents_real_data"": false}"
image,IMG-STRUCT-etonitazene,etonitazene,image_license,legal,1,NEEDS_REVIEW,,,,https://pubchem.ncbi.nlm.nih.gov/compound/13493,,original_depiction_of_factual_data,,"{""attribution"": ""Structure drawn from PubChem CID 13493 SMILES with RDKit"", ""alt"": ""2D chemical structure diagram of Etonitazene (C22H28N4O3)"", ""represents_real_data"": false}"
image,IMG-STRUCT-etonitazepyne,etonitazepyne,image_license,legal,1,NEEDS_REVIEW,,,,https://pubchem.ncbi.nlm.nih.gov/compound/155804760,,original_depiction_of_factual_data,,"{""attribution"": ""Structure drawn from PubChem CID 155804760 SMILES with RDKit"", ""alt"": ""2D chemical structure diagram of Etonitazepyne (N-pyrrolidino etonitazene) (C22H26N4O3)"", ""represents_real_data"": false}"
image,IMG-STRUCT-mitragynine,mitragynine,image_license,legal,1,NEEDS_REVIEW,,,,https://pubchem.ncbi.nlm.nih.gov/compound/3034396,,original_depiction_of_factual_data,,"{""attribution"": ""Structure drawn from PubChem CID 3034396 SMILES with RDKit"", ""alt"": ""2D chemical structure diagram of Mitragynine (kratom) (C23H30N2O4)"", ""represents_real_data"": false}"
image,IMG-STRUCT-loperamide,loperamide,image_license,legal,1,NEEDS_REVIEW,,,,https://pubchem.ncbi.nlm.nih.gov/compound/3955,,original_depiction_of_factual_data,,"{""attribution"": ""Structure drawn from PubChem CID 3955 SMILES with RDKit"", ""alt"": ""2D chemical structure diagram of Loperamide (C29H33ClN2O2)"", ""represents_real_data"": false}"
image,IMG-STRUCT-dextromethorphan,dextromethorphan,image_license,legal,1,NEEDS_REVIEW,,,,https://pubchem.ncbi.nlm.nih.gov/compound/5360696,,original_depiction_of_factual_data,,"{""attribution"": ""Structure drawn from PubChem CID 5360696 SMILES with RDKit"", ""alt"": ""2D chemical structure diagram of Dextromethorphan (C18H25NO)"", ""represents_real_data"": false}"
image,IMG-STRUCT-cocaine,cocaine,image_license,legal,1,NEEDS_REVIEW,,,,https://pubchem.ncbi.nlm.nih.gov/compound/446220,,original_depiction_of_factual_data,,"{""attribution"": ""Structure drawn from PubChem CID 446220 SMILES with RDKit"", ""alt"": ""2D chemical structure diagram of Cocaine (C17H21NO4)"", ""represents_real_data"": false}"
image,IMG-STRUCT-benzoylecgonine,benzoylecgonine,image_license,legal,1,NEEDS_REVIEW,,,,https://pubchem.ncbi.nlm.nih.gov/compound/448223,,original_depiction_of_factual_data,,"{""attribution"": ""Structure drawn from PubChem CID 448223 SMILES with RDKit"", ""alt"": ""2D chemical structure diagram of Benzoylecgonine (C16H19NO4)"", ""represents_real_data"": false}"
image,IMG-STRUCT-cocaethylene,cocaethylene,image_license,legal,1,NEEDS_REVIEW,,,,https://pubchem.ncbi.nlm.nih.gov/compound/644006,,original_depiction_of_factual_data,,"{""attribution"": ""Structure drawn from PubChem CID 644006 SMILES with RDKit"", ""alt"": ""2D chemical structure diagram of Cocaethylene (C18H23NO4)"", ""represents_real_data"": false}"
image,IMG-STRUCT-amphetamine,amphetamine,image_license,legal,1,NEEDS_REVIEW,,,,https://pubchem.ncbi.nlm.nih.gov/compound/3007,,original_depiction_of_factual_data,,"{""attribution"": ""Structure drawn from PubChem CID 3007 SMILES with RDKit"", ""alt"": ""2D chemical structure diagram of Amphetamine (C9H13N)"", ""represents_real_data"": false}"
image,IMG-STRUCT-methamphetamine,methamphetamine,image_license,legal,1,NEEDS_REVIEW,,,,https://pubchem.ncbi.nlm.nih.gov/compound/10836,,original_depiction_of_factual_data,,"{""attribution"": ""Structure drawn from PubChem CID 10836 SMILES with RDKit"", ""alt"": ""2D chemical structure diagram of Methamphetamine (C10H15N)"", ""represents_real_data"": false}"
image,IMG-STRUCT-mdma,mdma,image_license,legal,1,NEEDS_REVIEW,,,,https://pubchem.ncbi.nlm.nih.gov/compound/1615,,original_depiction_of_factual_data,,"{""attribution"": ""Structure drawn from PubChem CID 1615 SMILES with RDKit"", ""alt"": ""2D chemical structure diagram of MDMA (C11H15NO2)"", ""represents_real_data"": false}"
image,IMG-STRUCT-mda,mda,image_license,legal,1,NEEDS_REVIEW,,,,https://pubchem.ncbi.nlm.nih.gov/compound/1614,,original_depiction_of_factual_data,,"{""attribution"": ""Structure drawn from PubChem CID 1614 SMILES with RDKit"", ""alt"": ""2D chemical structure diagram of MDA (C10H13NO2)"", ""represents_real_data"": false}"
image,IMG-STRUCT-mdea,mdea,image_license,legal,1,NEEDS_REVIEW,,,,https://pubchem.ncbi.nlm.nih.gov/compound/105039,,original_depiction_of_factual_data,,"{""attribution"": ""Structure drawn from PubChem CID 105039 SMILES with RDKit"", ""alt"": ""2D chemical structure diagram of MDEA (C12H17NO2)"", ""represents_real_data"": false}"
image,IMG-STRUCT-mephedrone,mephedrone,image_license,legal,1,NEEDS_REVIEW,,,,https://pubchem.ncbi.nlm.nih.gov/compound/45266826,,original_depiction_of_factual_data,,"{""attribution"": ""Structure drawn from PubChem CID 45266826 SMILES with RDKit"", ""alt"": ""2D chemical structure diagram of Mephedrone (4-MMC) (C11H15NO)"", ""represents_real_data"": false}"
image,IMG-STRUCT-mdpv,mdpv,image_license,legal,1,NEEDS_REVIEW,,,,https://pubchem.ncbi.nlm.nih.gov/compound/20111961,,original_depiction_of_factual_data,,"{""attribution"": ""Structure drawn from PubChem CID 20111961 SMILES with RDKit"", ""alt"": ""2D chemical structure diagram of MDPV (C16H21NO3)"", ""represents_real_data"": false}"
image,IMG-STRUCT-alpha-pvp,alpha-pvp,image_license,legal,1,NEEDS_REVIEW,,,,https://pubchem.ncbi.nlm.nih.gov/compound/11148955,,original_depiction_of_factual_data,,"{""attribution"": ""Structure drawn from PubChem CID 11148955 SMILES with RDKit"", ""alt"": ""2D chemical structure diagram of α-PVP (C15H21NO)"", ""represents_real_data"": false}"
image,IMG-STRUCT-methylphenidate,methylphenidate,image_license,legal,1,NEEDS_REVIEW,,,,https://pubchem.ncbi.nlm.nih.gov/compound/4158,,original_depiction_of_factual_data,,"{""attribution"": ""Structure drawn from PubChem CID 4158 SMILES with RDKit"", ""alt"": ""2D chemical structure diagram of Methylphenidate (C14H19NO2)"", ""represents_real_data"": false}"
image,IMG-STRUCT-cathinone,cathinone,image_license,legal,1,NEEDS_REVIEW,,,,https://pubchem.ncbi.nlm.nih.gov/compound/62258,,original_depiction_of_factual_data,,"{""attribution"": ""Structure drawn from PubChem CID 62258 SMILES with RDKit"", ""alt"": ""2D chemical structure diagram of Cathinone (C9H11NO)"", ""represents_real_data"": false}"
image,IMG-STRUCT-ephedrine,ephedrine,image_license,legal,1,NEEDS_REVIEW,,,,https://pubchem.ncbi.nlm.nih.gov/compound/9294,,original_depiction_of_factual_data,,"{""attribution"": ""Structure drawn from PubChem CID 9294 SMILES with RDKit"", ""alt"": ""2D chemical structure diagram of Ephedrine (C10H15NO)"", ""represents_real_data"": false}"
image,IMG-STRUCT-thc,thc,image_license,legal,1,NEEDS_REVIEW,,,,https://pubchem.ncbi.nlm.nih.gov/compound/16078,,original_depiction_of_factual_data,,"{""attribution"": ""Structure drawn from PubChem CID 16078 SMILES with RDKit"", ""alt"": ""2D chemical structure diagram of Δ9-Tetrahydrocannabinol (THC) (C21H30O2)"", ""represents_real_data"": false}"
image,IMG-STRUCT-11-oh-thc,11-oh-thc,image_license,legal,1,NEEDS_REVIEW,,,,https://pubchem.ncbi.nlm.nih.gov/compound/644022,,original_depiction_of_factual_data,,"{""attribution"": ""Structure drawn from PubChem CID 644022 SMILES with RDKit"", ""alt"": ""2D chemical structure diagram of 11-Hydroxy-THC (C21H30O3)"", ""represents_real_data"": false}"
image,IMG-STRUCT-thc-cooh,thc-cooh,image_license,legal,1,NEEDS_REVIEW,,,,https://pubchem.ncbi.nlm.nih.gov/compound/108207,,original_depiction_of_factual_data,,"{""attribution"": ""Structure drawn from PubChem CID 108207 SMILES with RDKit"", ""alt"": ""2D chemical structure diagram of THC-COOH (C21H28O4)"", ""represents_real_data"": false}"
image,IMG-STRUCT-cbd,cbd,image_license,legal,1,NEEDS_REVIEW,,,,https://pubchem.ncbi.nlm.nih.gov/compound/644019,,original_depiction_of_factual_data,,"{""attribution"": ""Structure drawn from PubChem CID 644019 SMILES with RDKit"", ""alt"": ""2D chemical structure diagram of Cannabidiol (CBD) (C21H30O2)"", ""represents_real_data"": false}"
image,IMG-STRUCT-jwh-018,jwh-018,image_license,legal,1,NEEDS_REVIEW,,,,https://pubchem.ncbi.nlm.nih.gov/compound/10382701,,original_depiction_of_factual_data,,"{""attribution"": ""Structure drawn from PubChem CID 10382701 SMILES with RDKit"", ""alt"": ""2D chemical structure diagram of JWH-018 (C24H23NO)"", ""represents_real_data"": false}"
image,IMG-STRUCT-mdmb-4en-pinaca,mdmb-4en-pinaca,image_license,legal,1,NEEDS_REVIEW,,,,https://pubchem.ncbi.nlm.nih.gov/compound/155804661,,original_depiction_of_factual_data,,"{""attribution"": ""Structure drawn from PubChem CID 155804661 SMILES with RDKit"", ""alt"": ""2D chemical structure diagram of MDMB-4en-PINACA (C20H27N3O3)"", ""represents_real_data"": false}"
image,IMG-STRUCT-adb-butinaca,adb-butinaca,image_license,legal,1,NEEDS_REVIEW,,,,https://pubchem.ncbi.nlm.nih.gov/compound/155907792,,original_depiction_of_factual_data,,"{""attribution"": ""Structure drawn from PubChem CID 155907792 SMILES with RDKit"", ""alt"": ""2D chemical structure diagram of ADB-BUTINACA (C18H26N4O2)"", ""represents_real_data"": false}"
image,IMG-STRUCT-ketamine,ketamine,image_license,legal,1,NEEDS_REVIEW,,,,https://pubchem.ncbi.nlm.nih.gov/compound/3821,,original_depiction_of_factual_data,,"{""attribution"": ""Structure drawn from PubChem CID 3821 SMILES with RDKit"", ""alt"": ""2D chemical structure diagram of Ketamine (C13H16ClNO)"", ""represents_real_data"": false}"
image,IMG-STRUCT-pcp,pcp,image_license,legal,1,NEEDS_REVIEW,,,,https://pubchem.ncbi.nlm.nih.gov/compound/6468,,original_depiction_of_factual_data,,"{""attribution"": ""Structure drawn from PubChem CID 6468 SMILES with RDKit"", ""alt"": ""2D chemical structure diagram of Phencyclidine (PCP) (C17H25N)"", ""represents_real_data"": false}"
image,IMG-STRUCT-lsd,lsd,image_license,legal,1,NEEDS_REVIEW,,,,https://pubchem.ncbi.nlm.nih.gov/compound/5761,,original_depiction_of_factual_data,,"{""attribution"": ""Structure drawn from PubChem CID 5761 SMILES with RDKit"", ""alt"": ""2D chemical structure diagram of LSD (lysergide) (C20H25N3O)"", ""represents_real_data"": false}"
image,IMG-STRUCT-psilocybin,psilocybin,image_license,legal,1,NEEDS_REVIEW,,,,https://pubchem.ncbi.nlm.nih.gov/compound/10624,,original_depiction_of_factual_data,,"{""attribution"": ""Structure drawn from PubChem CID 10624 SMILES with RDKit"", ""alt"": ""2D chemical structure diagram of Psilocybin (C12H17N2O4P)"", ""represents_real_data"": false}"
image,IMG-STRUCT-ghb,ghb,image_license,legal,1,NEEDS_REVIEW,,,,https://pubchem.ncbi.nlm.nih.gov/compound/10413,,original_depiction_of_factual_data,,"{""attribution"": ""Structure drawn from PubChem CID 10413 SMILES with RDKit"", ""alt"": ""2D chemical structure diagram of GHB (γ-hydroxybutyrate) (C4H8O3)"", ""represents_real_data"": false}"
image,IMG-STRUCT-2c-b,2c-b,image_license,legal,1,NEEDS_REVIEW,,,,https://pubchem.ncbi.nlm.nih.gov/compound/98527,,original_depiction_of_factual_data,,"{""attribution"": ""Structure drawn from PubChem CID 98527 SMILES with RDKit"", ""alt"": ""2D chemical structure diagram of 2C-B (C10H14BrNO2)"", ""represents_real_data"": false}"
image,IMG-STRUCT-alprazolam,alprazolam,image_license,legal,1,NEEDS_REVIEW,,,,https://pubchem.ncbi.nlm.nih.gov/compound/2118,,original_depiction_of_factual_data,,"{""attribution"": ""Structure drawn from PubChem CID 2118 SMILES with RDKit"", ""alt"": ""2D chemical structure diagram of Alprazolam (C17H13ClN4)"", ""represents_real_data"": false}"
image,IMG-STRUCT-diazepam,diazepam,image_license,legal,1,NEEDS_REVIEW,,,,https://pubchem.ncbi.nlm.nih.gov/compound/3016,,original_depiction_of_factual_data,,"{""attribution"": ""Structure drawn from PubChem CID 3016 SMILES with RDKit"", ""alt"": ""2D chemical structure diagram of Diazepam (C16H13ClN2O)"", ""represents_real_data"": false}"
image,IMG-STRUCT-nordiazepam,nordiazepam,image_license,legal,1,NEEDS_REVIEW,,,,https://pubchem.ncbi.nlm.nih.gov/compound/2997,,original_depiction_of_factual_data,,"{""attribution"": ""Structure drawn from PubChem CID 2997 SMILES with RDKit"", ""alt"": ""2D chemical structure diagram of Nordiazepam (C15H11ClN2O)"", ""represents_real_data"": false}"
image,IMG-STRUCT-oxazepam,oxazepam,image_license,legal,1,NEEDS_REVIEW,,,,https://pubchem.ncbi.nlm.nih.gov/compound/4616,,original_depiction_of_factual_data,,"{""attribution"": ""Structure drawn from PubChem CID 4616 SMILES with RDKit"", ""alt"": ""2D chemical structure diagram of Oxazepam (C15H11ClN2O2)"", ""represents_real_data"": false}"
image,IMG-STRUCT-temazepam,temazepam,image_license,legal,1,NEEDS_REVIEW,,,,https://pubchem.ncbi.nlm.nih.gov/compound/5391,,original_depiction_of_factual_data,,"{""attribution"": ""Structure drawn from PubChem CID 5391 SMILES with RDKit"", ""alt"": ""2D chemical structure diagram of Temazepam (C16H13ClN2O2)"", ""represents_real_data"": false}"
image,IMG-STRUCT-lorazepam,lorazepam,image_license,legal,1,NEEDS_REVIEW,,,,https://pubchem.ncbi.nlm.nih.gov/compound/3958,,original_depiction_of_factual_data,,"{""attribution"": ""Structure drawn from PubChem CID 3958 SMILES with RDKit"", ""alt"": ""2D chemical structure diagram of Lorazepam (C15H10Cl2N2O2)"", ""represents_real_data"": false}"
image,IMG-STRUCT-clonazepam,clonazepam,image_license,legal,1,NEEDS_REVIEW,,,,https://pubchem.ncbi.nlm.nih.gov/compound/2802,,original_depiction_of_factual_data,,"{""attribution"": ""Structure drawn from PubChem CID 2802 SMILES with RDKit"", ""alt"": ""2D chemical structure diagram of Clonazepam (C15H10ClN3O3)"", ""represents_real_data"": false}"
image,IMG-STRUCT-7-aminoclonazepam,7-aminoclonazepam,image_license,legal,1,NEEDS_REVIEW,,,,https://pubchem.ncbi.nlm.nih.gov/compound/188298,,original_depiction_of_factual_data,,"{""attribution"": ""Structure drawn from PubChem CID 188298 SMILES with RDKit"", ""alt"": ""2D chemical structure diagram of 7-Aminoclonazepam (C15H12ClN3O)"", ""represents_real_data"": false}"
image,IMG-STRUCT-midazolam,midazolam,image_license,legal,1,NEEDS_REVIEW,,,,https://pubchem.ncbi.nlm.nih.gov/compound/4192,,original_depiction_of_factual_data,,"{""attribution"": ""Structure drawn from PubChem CID 4192 SMILES with RDKit"", ""alt"": ""2D chemical structure diagram of Midazolam (C18H13ClFN3)"", ""represents_real_data"": false}"
image,IMG-STRUCT-flunitrazepam,flunitrazepam,image_license,legal,1,NEEDS_REVIEW,,,,https://pubchem.ncbi.nlm.nih.gov/compound/3380,,original_depiction_of_factual_data,,"{""attribution"": ""Structure drawn from PubChem CID 3380 SMILES with RDKit"", ""alt"": ""2D chemical structure diagram of Flunitrazepam (C16H12FN3O3)"", ""represents_real_data"": false}"
image,IMG-STRUCT-phenazepam,phenazepam,image_license,legal,1,NEEDS_REVIEW,,,,https://pubchem.ncbi.nlm.nih.gov/compound/40113,,original_depiction_of_factual_data,,"{""attribution"": ""Structure drawn from PubChem CID 40113 SMILES with RDKit"", ""alt"": ""2D chemical structure diagram of Phenazepam (C15H10BrClN2O)"", ""represents_real_data"": false}"
image,IMG-STRUCT-etizolam,etizolam,image_license,legal,1,NEEDS_REVIEW,,,,https://pubchem.ncbi.nlm.nih.gov/compound/3307,,original_depiction_of_factual_data,,"{""attribution"": ""Structure drawn from PubChem CID 3307 SMILES with RDKit"", ""alt"": ""2D chemical structure diagram of Etizolam (C17H15ClN4S)"", ""represents_real_data"": false}"
image,IMG-STRUCT-bromazolam,bromazolam,image_license,legal,1,NEEDS_REVIEW,,,,https://pubchem.ncbi.nlm.nih.gov/compound/12562546,,original_depiction_of_factual_data,,"{""attribution"": ""Structure drawn from PubChem CID 12562546 SMILES with RDKit"", ""alt"": ""2D chemical structure diagram of Bromazolam (C17H13BrN4)"", ""represents_real_data"": false}"
image,IMG-STRUCT-flualprazolam,flualprazolam,image_license,legal,1,NEEDS_REVIEW,,,,https://pubchem.ncbi.nlm.nih.gov/compound/10359044,,original_depiction_of_factual_data,,"{""attribution"": ""Structure drawn from PubChem CID 10359044 SMILES with RDKit"", ""alt"": ""2D chemical structure diagram of Flualprazolam (C17H12ClFN4)"", ""represents_real_data"": false}"
image,IMG-STRUCT-zolpidem,zolpidem,image_license,legal,1,NEEDS_REVIEW,,,,https://pubchem.ncbi.nlm.nih.gov/compound/5732,,original_depiction_of_factual_data,,"{""attribution"": ""Structure drawn from PubChem CID 5732 SMILES with RDKit"", ""alt"": ""2D chemical structure diagram of Zolpidem (C19H21N3O)"", ""represents_real_data"": false}"
image,IMG-STRUCT-zopiclone,zopiclone,image_license,legal,1,NEEDS_REVIEW,,,,https://pubchem.ncbi.nlm.nih.gov/compound/5735,,original_depiction_of_factual_data,,"{""attribution"": ""Structure drawn from PubChem CID 5735 SMILES with RDKit"", ""alt"": ""2D chemical structure diagram of Zopiclone (C17H17ClN6O3)"", ""represents_real_data"": false}"
image,IMG-STRUCT-phenobarbital,phenobarbital,image_license,legal,1,NEEDS_REVIEW,,,,https://pubchem.ncbi.nlm.nih.gov/compound/4763,,original_depiction_of_factual_data,,"{""attribution"": ""Structure drawn from PubChem CID 4763 SMILES with RDKit"", ""alt"": ""2D chemical structure diagram of Phenobarbital (C12H12N2O3)"", ""represents_real_data"": false}"
image,IMG-STRUCT-pentobarbital,pentobarbital,image_license,legal,1,NEEDS_REVIEW,,,,https://pubchem.ncbi.nlm.nih.gov/compound/4737,,original_depiction_of_factual_data,,"{""attribution"": ""Structure drawn from PubChem CID 4737 SMILES with RDKit"", ""alt"": ""2D chemical structure diagram of Pentobarbital (C11H18N2O3)"", ""represents_real_data"": false}"
image,IMG-STRUCT-secobarbital,secobarbital,image_license,legal,1,NEEDS_REVIEW,,,,https://pubchem.ncbi.nlm.nih.gov/compound/5193,,original_depiction_of_factual_data,,"{""attribution"": ""Structure drawn from PubChem CID 5193 SMILES with RDKit"", ""alt"": ""2D chemical structure diagram of Secobarbital (C12H18N2O3)"", ""represents_real_data"": false}"
image,IMG-STRUCT-butalbital,butalbital,image_license,legal,1,NEEDS_REVIEW,,,,https://pubchem.ncbi.nlm.nih.gov/compound/2481,,original_depiction_of_factual_data,,"{""attribution"": ""Structure drawn from PubChem CID 2481 SMILES with RDKit"", ""alt"": ""2D chemical structure diagram of Butalbital (C11H16N2O3)"", ""represents_real_data"": false}"
image,IMG-STRUCT-amitriptyline,amitriptyline,image_license,legal,1,NEEDS_REVIEW,,,,https://pubchem.ncbi.nlm.nih.gov/compound/2160,,original_depiction_of_factual_data,,"{""attribution"": ""Structure drawn from PubChem CID 2160 SMILES with RDKit"", ""alt"": ""2D chemical structure diagram of Amitriptyline (C20H23N)"", ""represents_real_data"": false}"
image,IMG-STRUCT-nortriptyline,nortriptyline,image_license,legal,1,NEEDS_REVIEW,,,,https://pubchem.ncbi.nlm.nih.gov/compound/4543,,original_depiction_of_factual_data,,"{""attribution"": ""Structure drawn from PubChem CID 4543 SMILES with RDKit"", ""alt"": ""2D chemical structure diagram of Nortriptyline (C19H21N)"", ""represents_real_data"": false}"
image,IMG-STRUCT-imipramine,imipramine,image_license,legal,1,NEEDS_REVIEW,,,,https://pubchem.ncbi.nlm.nih.gov/compound/3696,,original_depiction_of_factual_data,,"{""attribution"": ""Structure drawn from PubChem CID 3696 SMILES with RDKit"", ""alt"": ""2D chemical structure diagram of Imipramine (C19H24N2)"", ""represents_real_data"": false}"
image,IMG-STRUCT-doxepin,doxepin,image_license,legal,1,NEEDS_REVIEW,,,,https://pubchem.ncbi.nlm.nih.gov/compound/3158,,original_depiction_of_factual_data,,"{""attribution"": ""Structure drawn from PubChem CID 3158 SMILES with RDKit"", ""alt"": ""2D chemical structure diagram of Doxepin (C19H21NO)"", ""represents_real_data"": false}"
image,IMG-STRUCT-citalopram,citalopram,image_license,legal,1,NEEDS_REVIEW,,,,https://pubchem.ncbi.nlm.nih.gov/compound/2771,,original_depiction_of_factual_data,,"{""attribution"": ""Structure drawn from PubChem CID 2771 SMILES with RDKit"", ""alt"": ""2D chemical structure diagram of Citalopram (C20H21FN2O)"", ""represents_real_data"": false}"
image,IMG-STRUCT-sertraline,sertraline,image_license,legal,1,NEEDS_REVIEW,,,,https://pubchem.ncbi.nlm.nih.gov/compound/68617,,original_depiction_of_factual_data,,"{""attribution"": ""Structure drawn from PubChem CID 68617 SMILES with RDKit"", ""alt"": ""2D chemical structure diagram of Sertraline (C17H17Cl2N)"", ""represents_real_data"": false}"
image,IMG-STRUCT-fluoxetine,fluoxetine,image_license,legal,1,NEEDS_REVIEW,,,,https://pubchem.ncbi.nlm.nih.gov/compound/3386,,original_depiction_of_factual_data,,"{""attribution"": ""Structure drawn from PubChem CID 3386 SMILES with RDKit"", ""alt"": ""2D chemical structure diagram of Fluoxetine (C17H18F3NO)"", ""represents_real_data"": false}"
image,IMG-STRUCT-venlafaxine,venlafaxine,image_license,legal,1,NEEDS_REVIEW,,,,https://pubchem.ncbi.nlm.nih.gov/compound/5656,,original_depiction_of_factual_data,,"{""attribution"": ""Structure drawn from PubChem CID 5656 SMILES with RDKit"", ""alt"": ""2D chemical structure diagram of Venlafaxine (C17H27NO2)"", ""represents_real_data"": false}"
image,IMG-STRUCT-mirtazapine,mirtazapine,image_license,legal,1,NEEDS_REVIEW,,,,https://pubchem.ncbi.nlm.nih.gov/compound/4205,,original_depiction_of_factual_data,,"{""attribution"": ""Structure drawn from PubChem CID 4205 SMILES with RDKit"", ""alt"": ""2D chemical structure diagram of Mirtazapine (C17H19N3)"", ""represents_real_data"": false}"
image,IMG-STRUCT-trazodone,trazodone,image_license,legal,1,NEEDS_REVIEW,,,,https://pubchem.ncbi.nlm.nih.gov/compound/5533,,original_depiction_of_factual_data,,"{""attribution"": ""Structure drawn from PubChem CID 5533 SMILES with RDKit"", ""alt"": ""2D chemical structure diagram of Trazodone (C19H22ClN5O)"", ""represents_real_data"": false}"
image,IMG-STRUCT-bupropion,bupropion,image_license,legal,1,NEEDS_REVIEW,,,,https://pubchem.ncbi.nlm.nih.gov/compound/444,,original_depiction_of_factual_data,,"{""attribution"": ""Structure drawn from PubChem CID 444 SMILES with RDKit"", ""alt"": ""2D chemical structure diagram of Bupropion (C13H18ClNO)"", ""represents_real_data"": false}"
image,IMG-STRUCT-olanzapine,olanzapine,image_license,legal,1,NEEDS_REVIEW,,,,https://pubchem.ncbi.nlm.nih.gov/compound/135398745,,original_depiction_of_factual_data,,"{""attribution"": ""Structure drawn from PubChem CID 135398745 SMILES with RDKit"", ""alt"": ""2D chemical structure diagram of Olanzapine (C17H20N4S)"", ""represents_real_data"": false}"
image,IMG-STRUCT-quetiapine,quetiapine,image_license,legal,1,NEEDS_REVIEW,,,,https://pubchem.ncbi.nlm.nih.gov/compound/5002,,original_depiction_of_factual_data,,"{""attribution"": ""Structure drawn from PubChem CID 5002 SMILES with RDKit"", ""alt"": ""2D chemical structure diagram of Quetiapine (C21H25N3O2S)"", ""represents_real_data"": false}"
image,IMG-STRUCT-clozapine,clozapine,image_license,legal,1,NEEDS_REVIEW,,,,https://pubchem.ncbi.nlm.nih.gov/compound/135398737,,original_depiction_of_factual_data,,"{""attribution"": ""Structure drawn from PubChem CID 135398737 SMILES with RDKit"", ""alt"": ""2D chemical structure diagram of Clozapine (C18H19ClN4)"", ""represents_real_data"": false}"
image,IMG-STRUCT-haloperidol,haloperidol,image_license,legal,1,NEEDS_REVIEW,,,,https://pubchem.ncbi.nlm.nih.gov/compound/3559,,original_depiction_of_factual_data,,"{""attribution"": ""Structure drawn from PubChem CID 3559 SMILES with RDKit"", ""alt"": ""2D chemical structure diagram of Haloperidol (C21H23ClFNO2)"", ""represents_real_data"": false}"
image,IMG-STRUCT-risperidone,risperidone,image_license,legal,1,NEEDS_REVIEW,,,,https://pubchem.ncbi.nlm.nih.gov/compound/5073,,original_depiction_of_factual_data,,"{""attribution"": ""Structure drawn from PubChem CID 5073 SMILES with RDKit"", ""alt"": ""2D chemical structure diagram of Risperidone (C23H27FN4O2)"", ""represents_real_data"": false}"
image,IMG-STRUCT-chlorpromazine,chlorpromazine,image_license,legal,1,NEEDS_REVIEW,,,,https://pubchem.ncbi.nlm.nih.gov/compound/2726,,original_depiction_of_factual_data,,"{""attribution"": ""Structure drawn from PubChem CID 2726 SMILES with RDKit"", ""alt"": ""2D chemical structure diagram of Chlorpromazine (C17H19ClN2S)"", ""represents_real_data"": false}"
image,IMG-STRUCT-carbamazepine,carbamazepine,image_license,legal,1,NEEDS_REVIEW,,,,https://pubchem.ncbi.nlm.nih.gov/compound/2554,,original_depiction_of_factual_data,,"{""attribution"": ""Structure drawn from PubChem CID 2554 SMILES with RDKit"", ""alt"": ""2D chemical structure diagram of Carbamazepine (C15H12N2O)"", ""represents_real_data"": false}"
image,IMG-STRUCT-valproic-acid,valproic-acid,image_license,legal,1,NEEDS_REVIEW,,,,https://pubchem.ncbi.nlm.nih.gov/compound/3121,,original_depiction_of_factual_data,,"{""attribution"": ""Structure drawn from PubChem CID 3121 SMILES with RDKit"", ""alt"": ""2D chemical structure diagram of Valproic acid (C8H16O2)"", ""represents_real_data"": false}"
image,IMG-STRUCT-lamotrigine,lamotrigine,image_license,legal,1,NEEDS_REVIEW,,,,https://pubchem.ncbi.nlm.nih.gov/compound/3878,,original_depiction_of_factual_data,,"{""attribution"": ""Structure drawn from PubChem CID 3878 SMILES with RDKit"", ""alt"": ""2D chemical structure diagram of Lamotrigine (C9H7Cl2N5)"", ""represents_real_data"": false}"
image,IMG-STRUCT-phenytoin,phenytoin,image_license,legal,1,NEEDS_REVIEW,,,,https://pubchem.ncbi.nlm.nih.gov/compound/1775,,original_depiction_of_factual_data,,"{""attribution"": ""Structure drawn from PubChem CID 1775 SMILES with RDKit"", ""alt"": ""2D chemical structure diagram of Phenytoin (C15H12N2O2)"", ""represents_real_data"": false}"
image,IMG-STRUCT-pregabalin,pregabalin,image_license,legal,1,NEEDS_REVIEW,,,,https://pubchem.ncbi.nlm.nih.gov/compound/5486971,,original_depiction_of_factual_data,,"{""attribution"": ""Structure drawn from PubChem CID 5486971 SMILES with RDKit"", ""alt"": ""2D chemical structure diagram of Pregabalin (C8H17NO2)"", ""represents_real_data"": false}"
image,IMG-STRUCT-gabapentin,gabapentin,image_license,legal,1,NEEDS_REVIEW,,,,https://pubchem.ncbi.nlm.nih.gov/compound/3446,,original_depiction_of_factual_data,,"{""attribution"": ""Structure drawn from PubChem CID 3446 SMILES with RDKit"", ""alt"": ""2D chemical structure diagram of Gabapentin (C9H17NO2)"", ""represents_real_data"": false}"
image,IMG-STRUCT-paracetamol,paracetamol,image_license,legal,1,NEEDS_REVIEW,,,,https://pubchem.ncbi.nlm.nih.gov/compound/1983,,original_depiction_of_factual_data,,"{""attribution"": ""Structure drawn from PubChem CID 1983 SMILES with RDKit"", ""alt"": ""2D chemical structure diagram of Paracetamol (acetaminophen) (C8H9NO2)"", ""represents_real_data"": false}"
image,IMG-STRUCT-salicylic-acid,salicylic-acid,image_license,legal,1,NEEDS_REVIEW,,,,https://pubchem.ncbi.nlm.nih.gov/compound/338,,original_depiction_of_factual_data,,"{""attribution"": ""Structure drawn from PubChem CID 338 SMILES with RDKit"", ""alt"": ""2D chemical structure diagram of Salicylic acid (aspirin metabolite) (C7H6O3)"", ""represents_real_data"": false}"
image,IMG-STRUCT-ibuprofen,ibuprofen,image_license,legal,1,NEEDS_REVIEW,,,,https://pubchem.ncbi.nlm.nih.gov/compound/3672,,original_depiction_of_factual_data,,"{""attribution"": ""Structure drawn from PubChem CID 3672 SMILES with RDKit"", ""alt"": ""2D chemical structure diagram of Ibuprofen (C13H18O2)"", ""represents_real_data"": false}"
image,IMG-STRUCT-diphenhydramine,diphenhydramine,image_license,legal,1,NEEDS_REVIEW,,,,https://pubchem.ncbi.nlm.nih.gov/compound/3100,,original_depiction_of_factual_data,,"{""attribution"": ""Structure drawn from PubChem CID 3100 SMILES with RDKit"", ""alt"": ""2D chemical structure diagram of Diphenhydramine (C17H21NO)"", ""represents_real_data"": false}"
image,IMG-STRUCT-digoxin,digoxin,image_license,legal,1,NEEDS_REVIEW,,,,https://pubchem.ncbi.nlm.nih.gov/compound/2724385,,original_depiction_of_factual_data,,"{""attribution"": ""Structure drawn from PubChem CID 2724385 SMILES with RDKit"", ""alt"": ""2D chemical structure diagram of Digoxin (C41H64O14)"", ""represents_real_data"": false}"
image,IMG-STRUCT-metformin,metformin,image_license,legal,1,NEEDS_REVIEW,,,,https://pubchem.ncbi.nlm.nih.gov/compound/4091,,original_depiction_of_factual_data,,"{""attribution"": ""Structure drawn from PubChem CID 4091 SMILES with RDKit"", ""alt"": ""2D chemical structure diagram of Metformin (C4H11N5)"", ""represents_real_data"": false}"
image,IMG-STRUCT-propranolol,propranolol,image_license,legal,1,NEEDS_REVIEW,,,,https://pubchem.ncbi.nlm.nih.gov/compound/4946,,original_depiction_of_factual_data,,"{""attribution"": ""Structure drawn from PubChem CID 4946 SMILES with RDKit"", ""alt"": ""2D chemical structure diagram of Propranolol (C16H21NO2)"", ""represents_real_data"": false}"
image,IMG-STRUCT-verapamil,verapamil,image_license,legal,1,NEEDS_REVIEW,,,,https://pubchem.ncbi.nlm.nih.gov/compound/2520,,original_depiction_of_factual_data,,"{""attribution"": ""Structure drawn from PubChem CID 2520 SMILES with RDKit"", ""alt"": ""2D chemical structure diagram of Verapamil (C27H38N2O4)"", ""represents_real_data"": false}"
image,IMG-STRUCT-colchicine,colchicine,image_license,legal,1,NEEDS_REVIEW,,,,https://pubchem.ncbi.nlm.nih.gov/compound/6167,,original_depiction_of_factual_data,,"{""attribution"": ""Structure drawn from PubChem CID 6167 SMILES with RDKit"", ""alt"": ""2D chemical structure diagram of Colchicine (C22H25NO6)"", ""represents_real_data"": false}"
image,IMG-STRUCT-lidocaine,lidocaine,image_license,legal,1,NEEDS_REVIEW,,,,https://pubchem.ncbi.nlm.nih.gov/compound/3676,,original_depiction_of_factual_data,,"{""attribution"": ""Structure drawn from PubChem CID 3676 SMILES with RDKit"", ""alt"": ""2D chemical structure diagram of Lidocaine (C14H22N2O)"", ""represents_real_data"": false}"
image,IMG-STRUCT-xylazine,xylazine,image_license,legal,1,NEEDS_REVIEW,,,,https://pubchem.ncbi.nlm.nih.gov/compound/5707,,original_depiction_of_factual_data,,"{""attribution"": ""Structure drawn from PubChem CID 5707 SMILES with RDKit"", ""alt"": ""2D chemical structure diagram of Xylazine (C12H16N2S)"", ""represents_real_data"": false}"
image,IMG-STRUCT-levamisole,levamisole,image_license,legal,1,NEEDS_REVIEW,,,,https://pubchem.ncbi.nlm.nih.gov/compound/26879,,original_depiction_of_factual_data,,"{""attribution"": ""Structure drawn from PubChem CID 26879 SMILES with RDKit"", ""alt"": ""2D chemical structure diagram of Levamisole (C11H12N2S)"", ""represents_real_data"": false}"
image,IMG-STRUCT-chlorpyrifos,chlorpyrifos,image_license,legal,1,NEEDS_REVIEW,,,,https://pubchem.ncbi.nlm.nih.gov/compound/2730,,original_depiction_of_factual_data,,"{""attribution"": ""Structure drawn from PubChem CID 2730 SMILES with RDKit"", ""alt"": ""2D chemical structure diagram of Chlorpyrifos (C9H11Cl3NO3PS)"", ""represents_real_data"": false}"
image,IMG-STRUCT-aluminium-phosphide,aluminium-phosphide,image_license,legal,1,NEEDS_REVIEW,,,,https://pubchem.ncbi.nlm.nih.gov/compound/16126812,,original_depiction_of_factual_data,,"{""attribution"": ""Structure drawn from PubChem CID 16126812 SMILES with RDKit"", ""alt"": ""2D chemical structure diagram of Aluminium phosphide (AlP)"", ""represents_real_data"": false}"
image,IMG-STRUCT-paraquat,paraquat,image_license,legal,1,NEEDS_REVIEW,,,,https://pubchem.ncbi.nlm.nih.gov/compound/15939,,original_depiction_of_factual_data,,"{""attribution"": ""Structure drawn from PubChem CID 15939 SMILES with RDKit"", ""alt"": ""2D chemical structure diagram of Paraquat (C12H14N2+2)"", ""represents_real_data"": false}"
image,IMG-STRUCT-glyphosate,glyphosate,image_license,legal,1,NEEDS_REVIEW,,,,https://pubchem.ncbi.nlm.nih.gov/compound/3496,,original_depiction_of_factual_data,,"{""attribution"": ""Structure drawn from PubChem CID 3496 SMILES with RDKit"", ""alt"": ""2D chemical structure diagram of Glyphosate (C3H8NO5P)"", ""represents_real_data"": false}"
image,IMG-STRUCT-diazinon,diazinon,image_license,legal,1,NEEDS_REVIEW,,,,https://pubchem.ncbi.nlm.nih.gov/compound/3017,,original_depiction_of_factual_data,,"{""attribution"": ""Structure drawn from PubChem CID 3017 SMILES with RDKit"", ""alt"": ""2D chemical structure diagram of Diazinon (C12H21N2O3PS)"", ""represents_real_data"": false}"
image,IMG-STRUCT-malathion,malathion,image_license,legal,1,NEEDS_REVIEW,,,,https://pubchem.ncbi.nlm.nih.gov/compound/4004,,original_depiction_of_factual_data,,"{""attribution"": ""Structure drawn from PubChem CID 4004 SMILES with RDKit"", ""alt"": ""2D chemical structure diagram of Malathion (C10H19O6PS2)"", ""represents_real_data"": false}"
image,IMG-STRUCT-parathion,parathion,image_license,legal,1,NEEDS_REVIEW,,,,https://pubchem.ncbi.nlm.nih.gov/compound/991,,original_depiction_of_factual_data,,"{""attribution"": ""Structure drawn from PubChem CID 991 SMILES with RDKit"", ""alt"": ""2D chemical structure diagram of Parathion (C10H14NO5PS)"", ""represents_real_data"": false}"
image,IMG-STRUCT-carbofuran,carbofuran,image_license,legal,1,NEEDS_REVIEW,,,,https://pubchem.ncbi.nlm.nih.gov/compound/2566,,original_depiction_of_factual_data,,"{""attribution"": ""Structure drawn from PubChem CID 2566 SMILES with RDKit"", ""alt"": ""2D chemical structure diagram of Carbofuran (C12H15NO3)"", ""represents_real_data"": false}"
image,IMG-STRUCT-aldicarb,aldicarb,image_license,legal,1,NEEDS_REVIEW,,,,https://pubchem.ncbi.nlm.nih.gov/compound/9570071,,original_depiction_of_factual_data,,"{""attribution"": ""Structure drawn from PubChem CID 9570071 SMILES with RDKit"", ""alt"": ""2D chemical structure diagram of Aldicarb (C7H14N2O2S)"", ""represents_real_data"": false}"
image,IMG-STRUCT-strychnine,strychnine,image_license,legal,1,NEEDS_REVIEW,,,,https://pubchem.ncbi.nlm.nih.gov/compound/441071,,original_depiction_of_factual_data,,"{""attribution"": ""Structure drawn from PubChem CID 441071 SMILES with RDKit"", ""alt"": ""2D chemical structure diagram of Strychnine (C21H22N2O2)"", ""represents_real_data"": false}"
image,IMG-STRUCT-brodifacoum,brodifacoum,image_license,legal,1,NEEDS_REVIEW,,,,https://pubchem.ncbi.nlm.nih.gov/compound/54680676,,original_depiction_of_factual_data,,"{""attribution"": ""Structure drawn from PubChem CID 54680676 SMILES with RDKit"", ""alt"": ""2D chemical structure diagram of Brodifacoum (C31H23BrO3)"", ""represents_real_data"": false}"
image,IMG-STRUCT-arsenic-trioxide,arsenic-trioxide,image_license,legal,1,NEEDS_REVIEW,,,,https://pubchem.ncbi.nlm.nih.gov/compound/14888,,original_depiction_of_factual_data,,"{""attribution"": ""Structure drawn from PubChem CID 14888 SMILES with RDKit"", ""alt"": ""2D chemical structure diagram of Arsenic trioxide (As2O3)"", ""represents_real_data"": false}"
image,IMG-STRUCT-thallium-sulfate,thallium-sulfate,image_license,legal,1,NEEDS_REVIEW,,,,https://pubchem.ncbi.nlm.nih.gov/compound/24833,,original_depiction_of_factual_data,,"{""attribution"": ""Structure drawn from PubChem CID 24833 SMILES with RDKit"", ""alt"": ""2D chemical structure diagram of Thallium(I) sulfate (O4STl2)"", ""represents_real_data"": false}"
image,IMG-SCH-gcms-workflow,method-gcms,image_license,legal,1,NEEDS_REVIEW,,,,,,original_work,,"{""attribution"": ""Original schematic — FORENSIC EXPERT"", ""alt"": ""Schematic diagram: GC-MS — instrument workflow. Illustrative, not experimental data."", ""represents_real_data"": false}"
image,IMG-SCH-lcmsms-workflow,method-lcmsms,image_license,legal,1,NEEDS_REVIEW,,,,,,original_work,,"{""attribution"": ""Original schematic — FORENSIC EXPERT"", ""alt"": ""Schematic diagram: LC-MS/MS — instrument workflow. Illustrative, not experimental data."", ""represents_real_data"": false}"
image,IMG-SCH-hsgc-workflow,method-headspace-gc,image_license,legal,1,NEEDS_REVIEW,,,,,,original_work,,"{""attribution"": ""Original schematic — FORENSIC EXPERT"", ""alt"": ""Schematic diagram: Headspace GC — workflow. Illustrative, not experimental data."", ""represents_real_data"": false}"
image,IMG-SCH-hplc-workflow,method-hplc,image_license,legal,1,NEEDS_REVIEW,,,,,,original_work,,"{""attribution"": ""Original schematic — FORENSIC EXPERT"", ""alt"": ""Schematic diagram: HPLC — workflow. Illustrative, not experimental data."", ""represents_real_data"": false}"
image,IMG-SCH-sample-prep-workflow,method-spe,image_license,legal,1,NEEDS_REVIEW,,,,,,original_work,,"{""attribution"": ""Original schematic — FORENSIC EXPERT"", ""alt"": ""Schematic diagram: Sample preparation — typical workflow. Illustrative, not experimental data."", ""represents_real_data"": false}"
image,IMG-SCH-screen-confirm,scr-immunoassay-drugs,image_license,legal,1,NEEDS_REVIEW,,,,,,original_work,,"{""attribution"": ""Original schematic — FORENSIC EXPERT"", ""alt"": ""Schematic diagram: Screening → confirmation. Illustrative, not experimental data."", ""represents_real_data"": false}"
image,IMG-SCH-histology-workflow,his-fixation,image_license,legal,1,NEEDS_REVIEW,,,,,,original_work,,"{""attribution"": ""Original schematic — FORENSIC EXPERT"", ""alt"": ""Schematic diagram: Histology — laboratory workflow. Illustrative, not experimental data."", ""represents_real_data"": false}"
image,IMG-SCH-validation-parameters,method-validation,image_license,legal,1,NEEDS_REVIEW,,,,,,original_work,,"{""attribution"": ""Original schematic — FORENSIC EXPERT"", ""alt"": ""Schematic diagram: Method validation — typical parameters. Illustrative, not experimental data."", ""represents_real_data"": false}"
image,IMG-SCH-tlc-plate,method-tlc,image_license,legal,1,NEEDS_REVIEW,,,,,,original_work,,"{""attribution"": ""Original schematic — FORENSIC EXPERT"", ""alt"": ""Schematic diagram: TLC — plate layout. Illustrative, not experimental data."", ""represents_real_data"": false}"
image,IMG-SCH-immunoassay-principle,method-immunoassay,image_license,legal,1,NEEDS_REVIEW,,,,,,original_work,,"{""attribution"": ""Original schematic — FORENSIC EXPERT"", ""alt"": ""Schematic diagram: Competitive immunoassay — principle. Illustrative, not experimental data."", ""represents_real_data"": false}"
image,IMG-SCH-postmortem-specimens,bio-sampling-site,image_license,legal,1,NEEDS_REVIEW,,,,,,original_work,,"{""attribution"": ""Original schematic — FORENSIC EXPERT"", ""alt"": ""Schematic diagram: Postmortem specimens — overview. Illustrative, not experimental data."", ""represents_real_data"": false}"
image,IMG-EXT-pmc6445230-ienz_a_1333987_f0003_c,method-gcms,image_license,legal,1,NEEDS_REVIEW,,,,https://pmc.ncbi.nlm.nih.gov/articles/PMC6445230/,,CC BY,GC–MS chromatogram of the white powder and mass spectrum of 5-MAPB.,"{""attribution"": ""Bertol E et al., Journal of enzyme inhibition and medicinal chemistry 2017; PMC6445230; licensed CC BY. Resized."", ""alt"": ""GC–MS chromatogram and mass spectrum of a seized powder (5-MAPB). Figure from a peer-reviewed open-access article."", ""represents_real_data"": true}"
image,IMG-EXT-pmc11480513-gr2,method-gcms,image_license,legal,1,NEEDS_REVIEW,,,,https://pmc.ncbi.nlm.nih.gov/articles/PMC11480513/,,CC BY,"Chromatogram and mass spectral data of THC—COOH in urine sample, (selected ions m/z = 73, 371,473, 488), obtained using LLE/GC–MS. Fig 2","{""attribution"": ""Paknahad S et al., MethodsX 2024; PMC11480513; licensed CC BY. Resized."", ""alt"": ""GC–MS chromatogram and mass spectrum: THC-COOH in urine. Figure from a peer-reviewed open-access article."", ""represents_real_data"": true}"
image,IMG-EXT-pmc6445230-ienz_a_1333987_f0004_b,method-lcmsms,image_license,legal,1,NEEDS_REVIEW,,,,https://pmc.ncbi.nlm.nih.gov/articles/PMC6445230/,,CC BY,LC–MS/MS chromatogram of the white powder and merged mass spectrum (CE: 10 and 20 eV) of 5-MAPB.,"{""attribution"": ""Bertol E et al., Journal of enzyme inhibition and medicinal chemistry 2017; PMC6445230; licensed CC BY. Resized."", ""alt"": ""LC–MS/MS chromatogram and product-ion spectrum (5-MAPB). Figure from a peer-reviewed open-access article."", ""represents_real_data"": true}"
image,IMG-EXT-pmc10177871-ijerph-20-05640-g001,bio-tryptase,image_license,legal,1,NEEDS_REVIEW,,,,https://pmc.ncbi.nlm.nih.gov/articles/PMC10177871/,,CC BY,"Hematoxylin and eosin staining: lung section with emphysema, endo-alveolar edema, and hemorrhage and marked congestion of the interalveolar septa ((A–C): 10×); myocardial tissue showing wavy fibers (arrowhead), eosin red areas in myocardial fibers (arrows), fiber breaks, myocyte decay (circle), and square (asterisk) cell nuclei ((D): 20×; (E,F): 40×).","{""attribution"": ""Mondello C et al., International journal of environmental research and public health 2023; PMC10177871; licensed CC BY. Resized."", ""alt"": ""Hematoxylin and eosin staining — lung and myocardium (forensic case series). Figure from a peer-reviewed open-access article."", ""represents_real_data"": true}"
image,IMG-EXT-pmc11277133-ijms-25-07625-g002,his-mi-early,image_license,legal,1,NEEDS_REVIEW,,,,https://pmc.ncbi.nlm.nih.gov/articles/PMC11277133/,,CC BY,C9-immunostained myocardial necrotic area (4×).,"{""attribution"": ""Isailă OM et al., International journal of molecular sciences 2024; PMC11277133; licensed CC BY. Resized."", ""alt"": ""Immunohistochemistry (C9) — myocardial necrotic area. Figure from a peer-reviewed open-access article."", ""represents_real_data"": true}"
image,IMG-EXT-pmc10085886-414_2022_2848_fig1_html,his-fat-embolism,image_license,legal,1,NEEDS_REVIEW,,,,https://pmc.ncbi.nlm.nih.gov/articles/PMC10085886/,,CC BY,Frozen pulmonary tissue stained Oil Red O (10 ×): important PFE (red spots) in a case of group A,"{""attribution"": ""Castiglioni C et al., International journal of legal medicine 2023; PMC10085886; licensed CC BY. Resized."", ""alt"": ""Oil Red O staining — pulmonary fat embolism (frozen section). Figure from a peer-reviewed open-access article."", ""represents_real_data"": true}"
image,IMG-EXT-pmc9558087-ac2c01627_0004,method-tlc,image_license,legal,1,NEEDS_REVIEW,,,,https://pmc.ncbi.nlm.nih.gov/articles/PMC9558087/,,CC BY,"THC, CBD, CBN, CBG, THCA, and CBDA standards
(from left to right)
loaded and separated on (A) an unmodified silica gel TLC plate and
(B) an Ag(I)-TLC plate.","{""attribution"": ""Huang S et al., Analytical chemistry 2022; PMC9558087; licensed CC BY. Resized."", ""alt"": ""TLC plates — cannabinoid standards on silica gel and Ag(I)-TLC. Figure from a peer-reviewed open-access article."", ""represents_real_data"": true}"
image,IMG-EXT-pmc12713473-ao5c07057_0002,reagent-marquis,image_license,legal,1,NEEDS_REVIEW,,,,https://pmc.ncbi.nlm.nih.gov/articles/PMC12713473/,,CC BY,"Illustration
of xylazine interaction with commercial and on-site drug screening
tools. (A) NARKII Marquis reagent rendered a false positive for amphetamine.
(B) NARKII nitric acid reagent system yielded false positives for
codeine and morphine. (C, D) NARKII Liebermann reagent system and
NARKII opiate reagent system produced unique transparent-to-red-brown
and red color changes, respectively. (E) NARKII Marquis reagent (opium
alkaloids) yielded a false positive for amphetamine. (F) Marquis reagent
gave false positives for amphetamine and methamphetamine. (G) Fentanyl
reagent system yielded a f","{""attribution"": ""Davis K et al., ACS omega 2025; PMC12713473; licensed CC BY. Resized."", ""alt"": ""Colour spot tests — xylazine interaction with field reagents. Figure from a peer-reviewed open-access article."", ""represents_real_data"": true}"
translation,I18N-ethanol,ethanol,names,translation,1,NEEDS_REVIEW,,,,,,,,"{""en"": ""Ethanol"", ""ru"": ""Этанол"", ""uz"": ""Etanol""}"
translation,I18N-methanol,methanol,names,translation,1,NEEDS_REVIEW,,,,,,,,"{""en"": ""Methanol"", ""ru"": ""Метанол"", ""uz"": ""Metanol""}"
translation,I18N-ethylene-glycol,ethylene-glycol,names,translation,1,NEEDS_REVIEW,,,,,,,,"{""en"": ""Ethylene glycol"", ""ru"": ""Этиленгликоль"", ""uz"": ""Etilenglikol""}"
translation,I18N-morphine,morphine,names,translation,1,NEEDS_REVIEW,,,,,,,,"{""en"": ""Morphine"", ""ru"": ""Морфин"", ""uz"": ""Morfin""}"
translation,I18N-heroin,heroin,names,translation,1,NEEDS_REVIEW,,,,,,,,"{""en"": ""Heroin (diacetylmorphine)"", ""ru"": ""Героин (диацетилморфин)"", ""uz"": ""Geroin (diatsetilmorfin)""}"
translation,I18N-6-mam,6-mam,names,translation,1,NEEDS_REVIEW,,,,,,,,"{""en"": ""6-Monoacetylmorphine (6-MAM)"", ""ru"": ""6-Моноацетилморфин (6-МАМ)"", ""uz"": ""6-Monoatsetilmorfin (6-MAM)""}"
translation,I18N-fentanyl,fentanyl,names,translation,1,NEEDS_REVIEW,,,,,,,,"{""en"": ""Fentanyl"", ""ru"": ""Фентанил"", ""uz"": ""Fentanil""}"
translation,I18N-tramadol,tramadol,names,translation,1,NEEDS_REVIEW,,,,,,,,"{""en"": ""Tramadol"", ""ru"": ""Трамадол"", ""uz"": ""Tramadol""}"
translation,I18N-methamphetamine,methamphetamine,names,translation,1,NEEDS_REVIEW,,,,,,,,"{""en"": ""Methamphetamine"", ""ru"": ""Метамфетамин"", ""uz"": ""Metamfetamin""}"
translation,I18N-cocaine,cocaine,names,translation,1,NEEDS_REVIEW,,,,,,,,"{""en"": ""Cocaine"", ""ru"": ""Кокаин"", ""uz"": ""Kokain""}"
translation,I18N-thc,thc,names,translation,1,NEEDS_REVIEW,,,,,,,,"{""en"": ""Δ9-Tetrahydrocannabinol (THC)"", ""ru"": ""Δ9-Тетрагидроканнабинол (ТГК)"", ""uz"": ""Δ9-Tetragidrokannabinol (TGK)""}"
translation,I18N-alprazolam,alprazolam,names,translation,1,NEEDS_REVIEW,,,,,,,,"{""en"": ""Alprazolam"", ""ru"": ""Алпразолам"", ""uz"": ""Alprazolam""}"
translation,I18N-phenazepam,phenazepam,names,translation,1,NEEDS_REVIEW,,,,,,,,"{""en"": ""Phenazepam"", ""ru"": ""Феназепам"", ""uz"": ""Fenazepam""}"
translation,I18N-amitriptyline,amitriptyline,names,translation,1,NEEDS_REVIEW,,,,,,,,"{""en"": ""Amitriptyline"", ""ru"": ""Амитриптилин"", ""uz"": ""Amitriptilin""}"
translation,I18N-paracetamol,paracetamol,names,translation,1,NEEDS_REVIEW,,,,,,,,"{""en"": ""Paracetamol (acetaminophen)"", ""ru"": ""Парацетамол"", ""uz"": ""Paratsetamol""}"
translation,I18N-pregabalin,pregabalin,names,translation,1,NEEDS_REVIEW,,,,,,,,"{""en"": ""Pregabalin"", ""ru"": ""Прегабалин"", ""uz"": ""Pregabalin""}"
translation,I18N-carbon-monoxide,carbon-monoxide,names,translation,1,NEEDS_REVIEW,,,,,,,,"{""en"": ""Carbon monoxide"", ""ru"": ""Монооксид углерода (угарный газ)"", ""uz"": ""Uglerod monoksidi (is gazi)""}"
translation,I18N-chlorpyrifos,chlorpyrifos,names,translation,1,NEEDS_REVIEW,,,,,,,,"{""en"": ""Chlorpyrifos"", ""ru"": ""Хлорпирифос"", ""uz"": ""Xlorpirifos""}"
translation,I18N-aluminium-phosphide,aluminium-phosphide,names,translation,1,NEEDS_REVIEW,,,,,,,,"{""en"": ""Aluminium phosphide"", ""ru"": ""Фосфид алюминия"", ""uz"": ""Alyuminiy fosfidi""}"
translation,I18N-phosphine,phosphine,names,translation,1,NEEDS_REVIEW,,,,,,,,"{""en"": ""Phosphine"", ""ru"": ""Фосфин"", ""uz"": ""Fosfin""}"
translation,I18N-isopropanol,isopropanol,names,translation,1,NEEDS_REVIEW,,,,,,,,"{""en"": ""Isopropanol"", ""ru"": ""Изопропанол"", ""uz"": ""Izopropanol""}"
translation,I18N-acetone,acetone,names,translation,1,NEEDS_REVIEW,,,,,,,,"{""en"": ""Acetone"", ""ru"": ""Ацетон"", ""uz"": ""Aseton""}"
translation,I18N-diethylene-glycol,diethylene-glycol,names,translation,1,NEEDS_REVIEW,,,,,,,,"{""en"": ""Diethylene glycol"", ""ru"": ""Диэтиленгликоль"", ""uz"": ""Dietilenglikol""}"
translation,I18N-toluene,toluene,names,translation,1,NEEDS_REVIEW,,,,,,,,"{""en"": ""Toluene"", ""ru"": ""Толуол"", ""uz"": ""Toluol""}"
translation,I18N-butane,butane,names,translation,1,NEEDS_REVIEW,,,,,,,,"{""en"": ""Butane"", ""ru"": ""Бутан"", ""uz"": ""Butan""}"
translation,I18N-chloroform,chloroform,names,translation,1,NEEDS_REVIEW,,,,,,,,"{""en"": ""Chloroform"", ""ru"": ""Хлороформ"", ""uz"": ""Xloroform""}"
translation,I18N-difluoroethane,difluoroethane,names,translation,1,NEEDS_REVIEW,,,,,,,,"{""en"": ""1,1-Difluoroethane"", ""ru"": ""1,1-Дифторэтан"", ""uz"": ""1,1-Diftoretan""}"
translation,I18N-hydrogen-cyanide,hydrogen-cyanide,names,translation,1,NEEDS_REVIEW,,,,,,,,"{""en"": ""Hydrogen cyanide"", ""ru"": ""Циановодород"", ""uz"": ""Vodorod sianid""}"
translation,I18N-hydrogen-sulfide,hydrogen-sulfide,names,translation,1,NEEDS_REVIEW,,,,,,,,"{""en"": ""Hydrogen sulfide"", ""ru"": ""Сероводород"", ""uz"": ""Vodorod sulfid""}"
translation,I18N-nitrous-oxide,nitrous-oxide,names,translation,1,NEEDS_REVIEW,,,,,,,,"{""en"": ""Nitrous oxide"", ""ru"": ""Закись азота"", ""uz"": ""Azot (I) oksidi""}"
translation,I18N-codeine,codeine,names,translation,1,NEEDS_REVIEW,,,,,,,,"{""en"": ""Codeine"", ""ru"": ""Кодеин"", ""uz"": ""Kodein""}"
translation,I18N-hydrocodone,hydrocodone,names,translation,1,NEEDS_REVIEW,,,,,,,,"{""en"": ""Hydrocodone"", ""ru"": ""Гидрокодон"", ""uz"": ""Gidrokodon""}"
translation,I18N-hydromorphone,hydromorphone,names,translation,1,NEEDS_REVIEW,,,,,,,,"{""en"": ""Hydromorphone"", ""ru"": ""Гидроморфон"", ""uz"": ""Gidromorfon""}"
translation,I18N-oxycodone,oxycodone,names,translation,1,NEEDS_REVIEW,,,,,,,,"{""en"": ""Oxycodone"", ""ru"": ""Оксикодон"", ""uz"": ""Oksikodon""}"
translation,I18N-oxymorphone,oxymorphone,names,translation,1,NEEDS_REVIEW,,,,,,,,"{""en"": ""Oxymorphone"", ""ru"": ""Оксиморфон"", ""uz"": ""Oksimorfon""}"
translation,I18N-methadone,methadone,names,translation,1,NEEDS_REVIEW,,,,,,,,"{""en"": ""Methadone"", ""ru"": ""Метадон"", ""uz"": ""Metadon""}"
translation,I18N-buprenorphine,buprenorphine,names,translation,1,NEEDS_REVIEW,,,,,,,,"{""en"": ""Buprenorphine"", ""ru"": ""Бупренорфин"", ""uz"": ""Buprenorfin""}"
translation,I18N-tapentadol,tapentadol,names,translation,1,NEEDS_REVIEW,,,,,,,,"{""en"": ""Tapentadol"", ""ru"": ""Тапентадол"", ""uz"": ""Tapentadol""}"
translation,I18N-norfentanyl,norfentanyl,names,translation,1,NEEDS_REVIEW,,,,,,,,"{""en"": ""Norfentanyl"", ""ru"": ""Норфентанил"", ""uz"": ""Norfentanil""}"
translation,I18N-carfentanil,carfentanil,names,translation,1,NEEDS_REVIEW,,,,,,,,"{""en"": ""Carfentanil"", ""ru"": ""Карфентанил"", ""uz"": ""Karfentanil""}"
translation,I18N-acetylfentanyl,acetylfentanyl,names,translation,1,NEEDS_REVIEW,,,,,,,,"{""en"": ""Acetylfentanyl"", ""ru"": ""Ацетилфентанил"", ""uz"": ""Atsetilfentanil""}"
translation,I18N-furanylfentanyl,furanylfentanyl,names,translation,1,NEEDS_REVIEW,,,,,,,,"{""en"": ""Furanylfentanyl"", ""ru"": ""Фуранилфентанил"", ""uz"": ""Furanilfentanil""}"
translation,I18N-sufentanil,sufentanil,names,translation,1,NEEDS_REVIEW,,,,,,,,"{""en"": ""Sufentanil"", ""ru"": ""Суфентанил"", ""uz"": ""Sufentanil""}"
translation,I18N-alfentanil,alfentanil,names,translation,1,NEEDS_REVIEW,,,,,,,,"{""en"": ""Alfentanil"", ""ru"": ""Альфентанил"", ""uz"": ""Alfentanil""}"
translation,I18N-isotonitazene,isotonitazene,names,translation,1,NEEDS_REVIEW,,,,,,,,"{""en"": ""Isotonitazene"", ""ru"": ""Изотонитазен"", ""uz"": ""Izotonitazen""}"
translation,I18N-metonitazene,metonitazene,names,translation,1,NEEDS_REVIEW,,,,,,,,"{""en"": ""Metonitazene"", ""ru"": ""Метонитазен"", ""uz"": ""Metonitazen""}"
translation,I18N-protonitazene,protonitazene,names,translation,1,NEEDS_REVIEW,,,,,,,,"{""en"": ""Protonitazene"", ""ru"": ""Протонитазен"", ""uz"": ""Protonitazen""}"
translation,I18N-etonitazene,etonitazene,names,translation,1,NEEDS_REVIEW,,,,,,,,"{""en"": ""Etonitazene"", ""ru"": ""Этонитазен"", ""uz"": ""Etonitazen""}"
translation,I18N-etonitazepyne,etonitazepyne,names,translation,1,NEEDS_REVIEW,,,,,,,,"{""en"": ""Etonitazepyne (N-pyrrolidino etonitazene)"", ""ru"": ""Этонитазепин"", ""uz"": ""Etonitazepin""}"
translation,I18N-mitragynine,mitragynine,names,translation,1,NEEDS_REVIEW,,,,,,,,"{""en"": ""Mitragynine (kratom)"", ""ru"": ""Митрагинин (кратом)"", ""uz"": ""Mitraginin (kratom)""}"
translation,I18N-loperamide,loperamide,names,translation,1,NEEDS_REVIEW,,,,,,,,"{""en"": ""Loperamide"", ""ru"": ""Лоперамид"", ""uz"": ""Loperamid""}"
translation,I18N-dextromethorphan,dextromethorphan,names,translation,1,NEEDS_REVIEW,,,,,,,,"{""en"": ""Dextromethorphan"", ""ru"": ""Декстрометорфан"", ""uz"": ""Dekstrometorfan""}"
translation,I18N-benzoylecgonine,benzoylecgonine,names,translation,1,NEEDS_REVIEW,,,,,,,,"{""en"": ""Benzoylecgonine"", ""ru"": ""Бензоилэкгонин"", ""uz"": ""Benzoilekgonin""}"
translation,I18N-cocaethylene,cocaethylene,names,translation,1,NEEDS_REVIEW,,,,,,,,"{""en"": ""Cocaethylene"", ""ru"": ""Кокаэтилен"", ""uz"": ""Kokaetilen""}"
translation,I18N-amphetamine,amphetamine,names,translation,1,NEEDS_REVIEW,,,,,,,,"{""en"": ""Amphetamine"", ""ru"": ""Амфетамин"", ""uz"": ""Amfetamin""}"
translation,I18N-mdma,mdma,names,translation,1,NEEDS_REVIEW,,,,,,,,"{""en"": ""MDMA"", ""ru"": ""МДМА"", ""uz"": ""MDMA""}"
translation,I18N-mda,mda,names,translation,1,NEEDS_REVIEW,,,,,,,,"{""en"": ""MDA"", ""ru"": ""МДА"", ""uz"": ""MDA""}"
translation,I18N-mdea,mdea,names,translation,1,NEEDS_REVIEW,,,,,,,,"{""en"": ""MDEA"", ""ru"": ""МДЕА"", ""uz"": ""MDEA""}"
translation,I18N-mephedrone,mephedrone,names,translation,1,NEEDS_REVIEW,,,,,,,,"{""en"": ""Mephedrone (4-MMC)"", ""ru"": ""Мефедрон (4-ММС)"", ""uz"": ""Mefedron (4-MMC)""}"
translation,I18N-mdpv,mdpv,names,translation,1,NEEDS_REVIEW,,,,,,,,"{""en"": ""MDPV"", ""ru"": ""МДПВ"", ""uz"": ""MDPV""}"
translation,I18N-alpha-pvp,alpha-pvp,names,translation,1,NEEDS_REVIEW,,,,,,,,"{""en"": ""α-PVP"", ""ru"": ""α-PVP"", ""uz"": ""α-PVP""}"
translation,I18N-methylphenidate,methylphenidate,names,translation,1,NEEDS_REVIEW,,,,,,,,"{""en"": ""Methylphenidate"", ""ru"": ""Метилфенидат"", ""uz"": ""Metilfenidat""}"
translation,I18N-cathinone,cathinone,names,translation,1,NEEDS_REVIEW,,,,,,,,"{""en"": ""Cathinone"", ""ru"": ""Катинон"", ""uz"": ""Katinon""}"
translation,I18N-ephedrine,ephedrine,names,translation,1,NEEDS_REVIEW,,,,,,,,"{""en"": ""Ephedrine"", ""ru"": ""Эфедрин"", ""uz"": ""Efedrin""}"
translation,I18N-11-oh-thc,11-oh-thc,names,translation,1,NEEDS_REVIEW,,,,,,,,"{""en"": ""11-Hydroxy-THC"", ""ru"": ""11-Гидрокси-ТГК"", ""uz"": ""11-Gidroksi-THC""}"
translation,I18N-thc-cooh,thc-cooh,names,translation,1,NEEDS_REVIEW,,,,,,,,"{""en"": ""THC-COOH"", ""ru"": ""ТГК-COOH"", ""uz"": ""THC-COOH""}"
translation,I18N-cbd,cbd,names,translation,1,NEEDS_REVIEW,,,,,,,,"{""en"": ""Cannabidiol (CBD)"", ""ru"": ""Каннабидиол (КБД)"", ""uz"": ""Kannabidiol (CBD)""}"
translation,I18N-jwh-018,jwh-018,names,translation,1,NEEDS_REVIEW,,,,,,,,"{""en"": ""JWH-018"", ""ru"": ""JWH-018"", ""uz"": ""JWH-018""}"
translation,I18N-mdmb-4en-pinaca,mdmb-4en-pinaca,names,translation,1,NEEDS_REVIEW,,,,,,,,"{""en"": ""MDMB-4en-PINACA"", ""ru"": ""MDMB-4en-PINACA"", ""uz"": ""MDMB-4en-PINACA""}"
translation,I18N-adb-butinaca,adb-butinaca,names,translation,1,NEEDS_REVIEW,,,,,,,,"{""en"": ""ADB-BUTINACA"", ""ru"": ""ADB-BUTINACA"", ""uz"": ""ADB-BUTINACA""}"
translation,I18N-ketamine,ketamine,names,translation,1,NEEDS_REVIEW,,,,,,,,"{""en"": ""Ketamine"", ""ru"": ""Кетамин"", ""uz"": ""Ketamin""}"
translation,I18N-pcp,pcp,names,translation,1,NEEDS_REVIEW,,,,,,,,"{""en"": ""Phencyclidine (PCP)"", ""ru"": ""Фенциклидин (PCP)"", ""uz"": ""Fensiklidin (PCP)""}"
translation,I18N-lsd,lsd,names,translation,1,NEEDS_REVIEW,,,,,,,,"{""en"": ""LSD (lysergide)"", ""ru"": ""ЛСД (лизергид)"", ""uz"": ""LSD (lizergid)""}"
translation,I18N-psilocybin,psilocybin,names,translation,1,NEEDS_REVIEW,,,,,,,,"{""en"": ""Psilocybin"", ""ru"": ""Псилоцибин"", ""uz"": ""Psilotsibin""}"
translation,I18N-ghb,ghb,names,translation,1,NEEDS_REVIEW,,,,,,,,"{""en"": ""GHB (γ-hydroxybutyrate)"", ""ru"": ""ГОМК (γ-гидроксибутират)"", ""uz"": ""GHB (γ-gidroksibutirat)""}"
translation,I18N-2c-b,2c-b,names,translation,1,NEEDS_REVIEW,,,,,,,,"{""en"": ""2C-B"", ""ru"": ""2C-B"", ""uz"": ""2C-B""}"
translation,I18N-diazepam,diazepam,names,translation,1,NEEDS_REVIEW,,,,,,,,"{""en"": ""Diazepam"", ""ru"": ""Диазепам"", ""uz"": ""Diazepam""}"
translation,I18N-nordiazepam,nordiazepam,names,translation,1,NEEDS_REVIEW,,,,,,,,"{""en"": ""Nordiazepam"", ""ru"": ""Нордазепам"", ""uz"": ""Nordiazepam""}"
translation,I18N-oxazepam,oxazepam,names,translation,1,NEEDS_REVIEW,,,,,,,,"{""en"": ""Oxazepam"", ""ru"": ""Оксазепам"", ""uz"": ""Oksazepam""}"
translation,I18N-temazepam,temazepam,names,translation,1,NEEDS_REVIEW,,,,,,,,"{""en"": ""Temazepam"", ""ru"": ""Темазепам"", ""uz"": ""Temazepam""}"
translation,I18N-lorazepam,lorazepam,names,translation,1,NEEDS_REVIEW,,,,,,,,"{""en"": ""Lorazepam"", ""ru"": ""Лоразепам"", ""uz"": ""Lorazepam""}"
translation,I18N-clonazepam,clonazepam,names,translation,1,NEEDS_REVIEW,,,,,,,,"{""en"": ""Clonazepam"", ""ru"": ""Клоназепам"", ""uz"": ""Klonazepam""}"
translation,I18N-7-aminoclonazepam,7-aminoclonazepam,names,translation,1,NEEDS_REVIEW,,,,,,,,"{""en"": ""7-Aminoclonazepam"", ""ru"": ""7-Аминоклоназепам"", ""uz"": ""7-Aminoklonazepam""}"
translation,I18N-midazolam,midazolam,names,translation,1,NEEDS_REVIEW,,,,,,,,"{""en"": ""Midazolam"", ""ru"": ""Мидазолам"", ""uz"": ""Midazolam""}"
translation,I18N-flunitrazepam,flunitrazepam,names,translation,1,NEEDS_REVIEW,,,,,,,,"{""en"": ""Flunitrazepam"", ""ru"": ""Флунитразепам"", ""uz"": ""Flunitrazepam""}"
translation,I18N-etizolam,etizolam,names,translation,1,NEEDS_REVIEW,,,,,,,,"{""en"": ""Etizolam"", ""ru"": ""Этизолам"", ""uz"": ""Etizolam""}"
translation,I18N-bromazolam,bromazolam,names,translation,1,NEEDS_REVIEW,,,,,,,,"{""en"": ""Bromazolam"", ""ru"": ""Бромазолам"", ""uz"": ""Bromazolam""}"
translation,I18N-flualprazolam,flualprazolam,names,translation,1,NEEDS_REVIEW,,,,,,,,"{""en"": ""Flualprazolam"", ""ru"": ""Флуалпразолам"", ""uz"": ""Flualprazolam""}"
translation,I18N-zolpidem,zolpidem,names,translation,1,NEEDS_REVIEW,,,,,,,,"{""en"": ""Zolpidem"", ""ru"": ""Золпидем"", ""uz"": ""Zolpidem""}"
translation,I18N-zopiclone,zopiclone,names,translation,1,NEEDS_REVIEW,,,,,,,,"{""en"": ""Zopiclone"", ""ru"": ""Зопиклон"", ""uz"": ""Zopiklon""}"
translation,I18N-phenobarbital,phenobarbital,names,translation,1,NEEDS_REVIEW,,,,,,,,"{""en"": ""Phenobarbital"", ""ru"": ""Фенобарбитал"", ""uz"": ""Fenobarbital""}"
translation,I18N-pentobarbital,pentobarbital,names,translation,1,NEEDS_REVIEW,,,,,,,,"{""en"": ""Pentobarbital"", ""ru"": ""Пентобарбитал"", ""uz"": ""Pentobarbital""}"
translation,I18N-secobarbital,secobarbital,names,translation,1,NEEDS_REVIEW,,,,,,,,"{""en"": ""Secobarbital"", ""ru"": ""Секобарбитал"", ""uz"": ""Sekobarbital""}"
translation,I18N-butalbital,butalbital,names,translation,1,NEEDS_REVIEW,,,,,,,,"{""en"": ""Butalbital"", ""ru"": ""Буталбитал"", ""uz"": ""Butalbital""}"
translation,I18N-nortriptyline,nortriptyline,names,translation,1,NEEDS_REVIEW,,,,,,,,"{""en"": ""Nortriptyline"", ""ru"": ""Нортриптилин"", ""uz"": ""Nortriptilin""}"
translation,I18N-imipramine,imipramine,names,translation,1,NEEDS_REVIEW,,,,,,,,"{""en"": ""Imipramine"", ""ru"": ""Имипрамин"", ""uz"": ""Imipramin""}"
translation,I18N-doxepin,doxepin,names,translation,1,NEEDS_REVIEW,,,,,,,,"{""en"": ""Doxepin"", ""ru"": ""Доксепин"", ""uz"": ""Doksepin""}"
translation,I18N-citalopram,citalopram,names,translation,1,NEEDS_REVIEW,,,,,,,,"{""en"": ""Citalopram"", ""ru"": ""Циталопрам"", ""uz"": ""Sitalopram""}"
translation,I18N-sertraline,sertraline,names,translation,1,NEEDS_REVIEW,,,,,,,,"{""en"": ""Sertraline"", ""ru"": ""Сертралин"", ""uz"": ""Sertralin""}"
translation,I18N-fluoxetine,fluoxetine,names,translation,1,NEEDS_REVIEW,,,,,,,,"{""en"": ""Fluoxetine"", ""ru"": ""Флуоксетин"", ""uz"": ""Fluoksetin""}"
translation,I18N-venlafaxine,venlafaxine,names,translation,1,NEEDS_REVIEW,,,,,,,,"{""en"": ""Venlafaxine"", ""ru"": ""Венлафаксин"", ""uz"": ""Venlafaksin""}"
translation,I18N-mirtazapine,mirtazapine,names,translation,1,NEEDS_REVIEW,,,,,,,,"{""en"": ""Mirtazapine"", ""ru"": ""Миртазапин"", ""uz"": ""Mirtazapin""}"
translation,I18N-trazodone,trazodone,names,translation,1,NEEDS_REVIEW,,,,,,,,"{""en"": ""Trazodone"", ""ru"": ""Тразодон"", ""uz"": ""Trazodon""}"
translation,I18N-bupropion,bupropion,names,translation,1,NEEDS_REVIEW,,,,,,,,"{""en"": ""Bupropion"", ""ru"": ""Бупропион"", ""uz"": ""Bupropion""}"
translation,I18N-olanzapine,olanzapine,names,translation,1,NEEDS_REVIEW,,,,,,,,"{""en"": ""Olanzapine"", ""ru"": ""Оланзапин"", ""uz"": ""Olanzapin""}"
translation,I18N-quetiapine,quetiapine,names,translation,1,NEEDS_REVIEW,,,,,,,,"{""en"": ""Quetiapine"", ""ru"": ""Кветиапин"", ""uz"": ""Kvetiapin""}"
translation,I18N-clozapine,clozapine,names,translation,1,NEEDS_REVIEW,,,,,,,,"{""en"": ""Clozapine"", ""ru"": ""Клозапин"", ""uz"": ""Klozapin""}"
translation,I18N-haloperidol,haloperidol,names,translation,1,NEEDS_REVIEW,,,,,,,,"{""en"": ""Haloperidol"", ""ru"": ""Галоперидол"", ""uz"": ""Galoperidol""}"
translation,I18N-risperidone,risperidone,names,translation,1,NEEDS_REVIEW,,,,,,,,"{""en"": ""Risperidone"", ""ru"": ""Рисперидон"", ""uz"": ""Risperidon""}"
translation,I18N-chlorpromazine,chlorpromazine,names,translation,1,NEEDS_REVIEW,,,,,,,,"{""en"": ""Chlorpromazine"", ""ru"": ""Хлорпромазин"", ""uz"": ""Xlorpromazin""}"
translation,I18N-carbamazepine,carbamazepine,names,translation,1,NEEDS_REVIEW,,,,,,,,"{""en"": ""Carbamazepine"", ""ru"": ""Карбамазепин"", ""uz"": ""Karbamazepin""}"
translation,I18N-valproic-acid,valproic-acid,names,translation,1,NEEDS_REVIEW,,,,,,,,"{""en"": ""Valproic acid"", ""ru"": ""Вальпроевая кислота"", ""uz"": ""Valproy kislota""}"
translation,I18N-lamotrigine,lamotrigine,names,translation,1,NEEDS_REVIEW,,,,,,,,"{""en"": ""Lamotrigine"", ""ru"": ""Ламотриджин"", ""uz"": ""Lamotridjin""}"
translation,I18N-phenytoin,phenytoin,names,translation,1,NEEDS_REVIEW,,,,,,,,"{""en"": ""Phenytoin"", ""ru"": ""Фенитоин"", ""uz"": ""Fenitoin""}"
translation,I18N-gabapentin,gabapentin,names,translation,1,NEEDS_REVIEW,,,,,,,,"{""en"": ""Gabapentin"", ""ru"": ""Габапентин"", ""uz"": ""Gabapentin""}"
translation,I18N-salicylic-acid,salicylic-acid,names,translation,1,NEEDS_REVIEW,,,,,,,,"{""en"": ""Salicylic acid (aspirin metabolite)"", ""ru"": ""Салициловая кислота"", ""uz"": ""Salitsil kislota""}"
translation,I18N-ibuprofen,ibuprofen,names,translation,1,NEEDS_REVIEW,,,,,,,,"{""en"": ""Ibuprofen"", ""ru"": ""Ибупрофен"", ""uz"": ""Ibuprofen""}"
translation,I18N-diphenhydramine,diphenhydramine,names,translation,1,NEEDS_REVIEW,,,,,,,,"{""en"": ""Diphenhydramine"", ""ru"": ""Дифенгидрамин"", ""uz"": ""Difengidramin""}"
translation,I18N-digoxin,digoxin,names,translation,1,NEEDS_REVIEW,,,,,,,,"{""en"": ""Digoxin"", ""ru"": ""Дигоксин"", ""uz"": ""Digoksin""}"
translation,I18N-metformin,metformin,names,translation,1,NEEDS_REVIEW,,,,,,,,"{""en"": ""Metformin"", ""ru"": ""Метформин"", ""uz"": ""Metformin""}"
translation,I18N-propranolol,propranolol,names,translation,1,NEEDS_REVIEW,,,,,,,,"{""en"": ""Propranolol"", ""ru"": ""Пропранолол"", ""uz"": ""Propranolol""}"
translation,I18N-verapamil,verapamil,names,translation,1,NEEDS_REVIEW,,,,,,,,"{""en"": ""Verapamil"", ""ru"": ""Верапамил"", ""uz"": ""Verapamil""}"
translation,I18N-colchicine,colchicine,names,translation,1,NEEDS_REVIEW,,,,,,,,"{""en"": ""Colchicine"", ""ru"": ""Колхицин"", ""uz"": ""Kolxitsin""}"
translation,I18N-lidocaine,lidocaine,names,translation,1,NEEDS_REVIEW,,,,,,,,"{""en"": ""Lidocaine"", ""ru"": ""Лидокаин"", ""uz"": ""Lidokain""}"
translation,I18N-xylazine,xylazine,names,translation,1,NEEDS_REVIEW,,,,,,,,"{""en"": ""Xylazine"", ""ru"": ""Ксилазин"", ""uz"": ""Ksilazin""}"
translation,I18N-levamisole,levamisole,names,translation,1,NEEDS_REVIEW,,,,,,,,"{""en"": ""Levamisole"", ""ru"": ""Левамизол"", ""uz"": ""Levamizol""}"
translation,I18N-paraquat,paraquat,names,translation,1,NEEDS_REVIEW,,,,,,,,"{""en"": ""Paraquat"", ""ru"": ""Паракват"", ""uz"": ""Parakvat""}"
translation,I18N-glyphosate,glyphosate,names,translation,1,NEEDS_REVIEW,,,,,,,,"{""en"": ""Glyphosate"", ""ru"": ""Глифосат"", ""uz"": ""Glifosat""}"
translation,I18N-diazinon,diazinon,names,translation,1,NEEDS_REVIEW,,,,,,,,"{""en"": ""Diazinon"", ""ru"": ""Диазинон"", ""uz"": ""Diazinon""}"
translation,I18N-malathion,malathion,names,translation,1,NEEDS_REVIEW,,,,,,,,"{""en"": ""Malathion"", ""ru"": ""Малатион"", ""uz"": ""Malation""}"
translation,I18N-parathion,parathion,names,translation,1,NEEDS_REVIEW,,,,,,,,"{""en"": ""Parathion"", ""ru"": ""Паратион"", ""uz"": ""Paration""}"
translation,I18N-carbofuran,carbofuran,names,translation,1,NEEDS_REVIEW,,,,,,,,"{""en"": ""Carbofuran"", ""ru"": ""Карбофуран"", ""uz"": ""Karbofuran""}"
translation,I18N-aldicarb,aldicarb,names,translation,1,NEEDS_REVIEW,,,,,,,,"{""en"": ""Aldicarb"", ""ru"": ""Альдикарб"", ""uz"": ""Aldikarb""}"
translation,I18N-strychnine,strychnine,names,translation,1,NEEDS_REVIEW,,,,,,,,"{""en"": ""Strychnine"", ""ru"": ""Стрихнин"", ""uz"": ""Strixnin""}"
translation,I18N-brodifacoum,brodifacoum,names,translation,1,NEEDS_REVIEW,,,,,,,,"{""en"": ""Brodifacoum"", ""ru"": ""Бродифакум"", ""uz"": ""Brodifakum""}"
translation,I18N-arsenic-trioxide,arsenic-trioxide,names,translation,1,NEEDS_REVIEW,,,,,,,,"{""en"": ""Arsenic trioxide"", ""ru"": ""Триоксид мышьяка"", ""uz"": ""Margimush trioksidi""}"
translation,I18N-thallium-sulfate,thallium-sulfate,names,translation,1,NEEDS_REVIEW,,,,,,,,"{""en"": ""Thallium(I) sulfate"", ""ru"": ""Сульфат таллия(I)"", ""uz"": ""Talliy(I) sulfat""}"
